,标题,时间
0,极不平凡的历程 来之不易的成果（——写在我国取得疫情防控重大决定性胜利之际）,2023年2月28日
1,极不平凡的历程 来之不易的成果（——写在我国取得疫情防控重大决定性胜利之际）,2023年2月28日
2,“中国的抗疫经验具有重要借鉴意义”（国际社会看中国优化疫情防控措施）,2023年2月26日
3,我国取得疫情防控重大决定性胜利 继续完善“乙类乙管”各项措施（国务院联防联控机制发布会）,2023年2月24日
4,“走在高质量发展道路上的中国经济值得期待”（国际社会看中国优化疫情防控措施）,2023年2月18日
5,听取近期新冠疫情防控工作情况汇报,2023年2月17日
6,旅客运输量恢复至疫情前超七成 民航市场迅速回暖,2023年2月17日
7,美国疫情纾困资金监管漏洞大（深度观察）,2023年2月16日
8,统筹疫情防控和经济社会发展的中国答卷（人民要论）,2023年2月16日
9,“万众一心、奋勇前进的精神将成为中国发展的动力源泉”（国际社会看中国优化疫情防控措施）,2023年2月15日
10,“我们认为跟中国合作更重要”（国际社会看中国优化疫情防控措施）,2023年2月10日
11,加强动态监测 做好疫情防控（国务院联防联控机制发布会）,2023年2月10日
12,“为世界经济发展作出更大贡献”（国际社会看中国优化疫情防控措施）,2023年2月8日
13,“中国未来的发展一定会更好”（国际社会看中国优化疫情防控措施）,2023年2月6日
14,全国整体疫情已进入低流行水平（国务院联防联控机制发布会）（各地疫情保持稳步下降态势）,2023年1月31日
15,农村地区疫情防控工作专班召开调度会强调—— 坚决打好农村地区疫情防控这场硬仗,2023年1月26日
16,多措并举做好春节期间疫情防控（国务院联防联控机制发布会）,2023年1月20日
17,科学高效做好农村地区疫情防控,2023年1月20日
18,将疫情防控政治化损人不利己（钟声）,2023年1月17日
19,“中国统筹疫情防控和经济社会发展卓有成效”（国际社会看中国优化疫情防控措施）,2023年1月16日
20,中国的疫情防控政策经得起历史检验（国际论坛）,2023年1月15日
21,“为世界经济注入新动力”（国际社会看中国优化疫情防控措施）,2023年1月14日
22,做好重点机构和场所疫情防控（国务院联防联控机制发布会）,2023年1月12日
23,落实“乙类乙管”做好文旅业疫情防控通知发布,2023年1月12日
24,中国的疫情防控政策科学、有效，经得起历史检验,2023年1月11日
25,共享市场机遇 共促繁荣发展（国际社会看中国优化疫情防控措施）,2023年1月10日
26,全球旅游业市场关注中国重启出境游（国际社会看中国优化疫情防控措施）,2023年1月9日
27,更加科学、精准、高效做好疫情防控（国务院联防联控机制发布会）,2023年1月9日
28,做好农村地区疫情防控和医疗救治工作（国务院联防联控机制发布会）,2023年1月8日
29,贵州努力推进疫情防控平稳转段—— 筑牢基层防线 保障就医用药,2023年1月8日
30,“用团结的力量扫除疫情阴霾”（国际社会看中国优化疫情防控措施）,2023年1月7日
31,“中国的防控政策科学有效”（国际社会看中国优化疫情防控措施）,2023年1月6日
32,中联部向外国政党和政治组织介绍中国疫情防控情况,2023年1月6日
33,国务院联防联控机制农村地区疫情防控工作专班 就春节返乡发出6条倡议,2023年1月6日
34,“把人民群众生命安全和身体健康放在第一位”（国际社会看中国优化疫情防控措施）,2023年1月5日
35,希望各方避免政治化疫情的言行,2023年1月5日
36,丰富“菜篮子”，满足市民所需（高效统筹疫情防控和经济社会发展）,2023年1月5日
37,诊室在身边，方便群众就医（高效统筹疫情防控和经济社会发展）,2023年1月5日
38,坚持人民至上、生命至上 扎实做好新阶段疫情防控工作,2023年1月4日
39,积极主动，为疫情防控提供了坚实支撑,2023年1月2日
40,全力以赴保障医疗物资和药品供应（高效统筹疫情防控和经济社会发展）,2022年12月31日
41,因时因势，不断优化调整疫情防控政策,2022年12月31日
42,北京生产生活秩序加快恢复（高效统筹疫情防控和经济社会发展）,2022年12月31日
43,青海西宁全力保障群众就医用药需求（高效统筹疫情防控和经济社会发展）,2022年12月31日
44,外交部发言人回应个别西方媒体抹黑中国疫情防控政策调整言论,2022年12月30日
45,为战胜疫情贡献中医力量（无影灯）,2022年12月30日
46,《新型冠状病毒感染“乙类乙管”疫情监测方案》等5个文件,2022年12月28日
47,更好统筹疫情防控和经济社会发展（人民观点）,2022年12月27日
48,辽宁沈阳调集各方力量抗击疫情—— 守望相助 众志成城,2022年12月25日
49,全力以赴保障医疗物资运输（高效统筹疫情防控和经济社会发展）,2022年12月22日
50,天津发放首批十五万个“健康防疫包”（高效统筹疫情防控和经济社会发展）,2022年12月22日
51,“有利于维护全球产业链供应链稳定”（国际社会看中国优化疫情防控措施）,2022年12月21日
52,扩能扩产保供重点药品（高效统筹疫情防控和经济社会发展）,2022年12月21日
53,新疆全力确保交通安全畅通（高效统筹疫情防控和经济社会发展）,2022年12月21日
54,“中国对全球抗疫合作的重要贡献有目共睹”（国际社会看中国优化疫情防控措施）,2022年12月20日
55,最大限度减少疫情对经济社会发展的影响（——近三年来统筹疫情防控和经济社会发展的启示⑤）,2022年12月20日
56,北京工厂和商务楼宇稳步复工（高效统筹疫情防控和经济社会发展）,2022年12月20日
57,最大程度保护人民生命安全和身体健康（——近三年来统筹疫情防控和经济社会发展的启示④）,2022年12月19日
58,西安全力保障工业企业生产（高效统筹疫情防控和经济社会发展）,2022年12月19日
59,在疫情防控中有力保障改善民生（——近三年来统筹疫情防控和经济社会发展的启示③）,2022年12月18日
60,“中国把人民生命安全和身体健康放在第一位”（国际社会看中国优化疫情防控措施）,2022年12月17日
61,不断筑牢保障人民健康安全的防控屏障（——近三年来统筹疫情防控和经济社会发展的启示②）,2022年12月17日
62,加强农村地区疫情防控和健康服务,2022年12月17日
63,面对疫情防控的新形势新任务，各项工作有序有效 筑牢医疗防线 保障人民健康（健康焦点）,2022年12月16日
64,风雨同舟万众一心 科学精准抗击疫情,2022年12月16日
65,因时因势决策，科学精准防控（——近三年来统筹疫情防控和经济社会发展的启示①）,2022年12月16日
66,山西全力加快复工复产和服务业复苏（高效统筹疫情防控和经济社会发展）,2022年12月16日
67,吉林省全力保障重点企业、重点项目稳定生产运行（高效统筹疫情防控和经济社会发展）,2022年12月15日
68,广州压细压实疫情防控工作（高效统筹疫情防控和经济社会发展）,2022年12月14日
69,海南多措并举释放发展动能（高效统筹疫情防控和经济社会发展）,2022年12月14日
70,“因时因势作出的科学判断”（国际社会看中国优化疫情防控措施）,2022年12月14日
71,细化致微落实各项优化措施 确保疫情防控转段平稳有序,2022年12月14日
72,北京全力保障市民就医用药需求（高效统筹疫情防控和经济社会发展）,2022年12月13日
73,多措并举促进经济保稳提质（高效统筹疫情防控和经济社会发展）,2022年12月12日
74,全力以赴保障重大项目建设（高效统筹疫情防控和经济社会发展）,2022年12月12日
75,为困难群众提供暖心服务（高效统筹疫情防控和经济社会发展）,2022年12月12日
76,形成合力，落实好疫情防控优化措施,2022年12月11日
77,因时因势优化疫情防控措施,2022年12月9日
78,进一步优化落实新冠肺炎疫情防控措施,2022年12月8日
79,在坚持中赢得战略主动（——近三年来我国打好疫情防控攻坚战述评）,2022年12月8日
80,调整优化防控措施，有效应对疫情变化—— 北京六日起执行核酸检测查验新规定（高效统筹疫情防控和经济社会发展）,2022年12月7日
81,规模以上工业企业复工率达97.9%（高效统筹疫情防控和经济社会发展）,2022年12月7日
82,慢性病人群如何抵御疫情？,2022年12月7日
83,努力做到生产防疫两不误（高效统筹疫情防控和经济社会发展）,2022年12月6日
84,全力保障重要民生商品供给（高效统筹疫情防控和经济社会发展）,2022年12月6日
85,千方百计满足群众需求（高效统筹疫情防控和经济社会发展）,2022年12月5日
86,全力保障重点企业生产（高效统筹疫情防控和经济社会发展）,2022年12月5日
87,多措并举稳经济促发展（高效统筹疫情防控和经济社会发展）,2022年12月5日
88,切实满足疫情处置期间群众基本生活需求,2022年12月3日
89,统筹医疗资源保障能力（高效统筹疫情防控和经济社会发展）,2022年12月3日
90,畅通产运销 稳好菜篮子（人民眼·高效统筹疫情防控和经济社会发展）,2022年12月2日
91,稳步有序复工复产（高效统筹疫情防控和经济社会发展）,2022年12月2日
92,提供精细服务 全力保障生产（高效统筹疫情防控和经济社会发展）,2022年12月1日
93,齐心协力，坚决筑牢疫情防控屏障,2022年11月30日
94,落细落实防控措施 有效抓好疫情处置（国务院联防联控机制发布会）,2022年11月30日
95,抓好重大项目竣工投产（高效统筹疫情防控和经济社会发展）,2022年11月30日
96,一手抓防疫 一手抓生产（高效统筹疫情防控和经济社会发展）,2022年11月30日
97,落实科学精准防控 稳定经济发展秩序（高效统筹疫情防控和经济社会发展）,2022年11月28日
98,加强生活物资保障 确保物流渠道畅通（高效统筹疫情防控和经济社会发展）,2022年11月28日
99,落实科学精准防控 稳定经济发展秩序（高效统筹疫情防控和经济社会发展）,2022年11月28日
100,加强生活物资保障 确保物流渠道畅通（高效统筹疫情防控和经济社会发展）,2022年11月28日
101,坚定信心，抓实抓细疫情防控各项工作,2022年11月27日
102,畅通物流配送环节 保障群众生活所需（高效统筹疫情防控和经济社会发展）,2022年11月27日
103,确保物资价稳量足 切实做好民生服务（高效统筹疫情防控和经济社会发展）,2022年11月27日
104,畅通物流配送环节 保障群众生活所需（高效统筹疫情防控和经济社会发展）,2022年11月27日
105,合力攻坚，尽快遏制疫情扩散蔓延,2022年11月26日
106,多措并举供应平价菜（高效统筹疫情防控和经济社会发展）,2022年11月26日
107,落实生活必需品保障（高效统筹疫情防控和经济社会发展）,2022年11月26日
108,四川积极应对疫情冲击，调结构育业态增动力，大力推进文旅融合高质量发展 以文塑旅 以旅彰文,2022年11月25日
109,生产生活秩序逐步恢复（高效统筹疫情防控和经济社会发展）,2022年11月25日
110,全力筑牢民生保障网（高效统筹疫情防控和经济社会发展）,2022年11月25日
111,快速提升隔离和收治能力（高效统筹疫情防控和经济社会发展）,2022年11月24日
112,积极帮助企业解决困难（高效统筹疫情防控和经济社会发展）,2022年11月24日
113,跨省流动人员“落地检” 防范跨区域疫情扩散（优化防控二十条措施问答）,2022年11月23日
114,全力抓好当前疫情处置工作（国务院联防联控机制发布会）,2022年11月23日
115,全力推动社会面尽快清零（高效统筹疫情防控和经济社会发展）,2022年11月23日
116,安徽合肥实行疫情防控扁平化指挥 坚持科学防控 保障日常生活（高效统筹疫情防控和经济社会发展）,2022年11月23日
117,刻不容缓 以快制快 集中力量打赢疫情歼灭战,2022年11月22日
118,遏制疫情快速上升势头 北京分区施策打好防控整体战,2022年11月22日
119,成立工作专班 开展应急处置（高效统筹疫情防控和经济社会发展）,2022年11月21日
120,围绕重点环节 畅通物资供应（高效统筹疫情防控和经济社会发展）,2022年11月21日
121,加大调运力度 强化价格监管（高效统筹疫情防控和经济社会发展）,2022年11月20日
122,科学精准有效防控疫情（优化防控二十条措施问答）,2022年11月19日
123,不折不扣、科学精准落实疫情防控优化措施（国务院联防联控机制发布会）,2022年11月18日
124,落实生活必需品保供稳价（高效统筹疫情防控和经济社会发展）,2022年11月17日
125,做好生产生活服务保障（高效统筹疫情防控和经济社会发展）,2022年11月17日
126,全力以赴抗疫情稳经济促发展（高效统筹疫情防控和经济社会发展）,2022年11月15日
127,多措并举保障生活物资供给（高效统筹疫情防控和经济社会发展）,2022年11月15日
128,把各项优化措施操作好 进一步提高疫情防控科学精准水平,2022年11月12日
129,坚决打赢常态化疫情防控攻坚战,2022年11月12日
130,听取新冠肺炎疫情防控工作汇报 研究部署进一步优化防控工作的二十条措施,2022年11月11日
131,上海统筹推进疫情防控和筹备工作，全力推进216项重点任务 落实落细进博会城市服务保障,2022年11月2日
132,守住不发生规模性疫情的底线（国务院联防联控机制发布会）,2022年10月14日
133,增强对当前疫情防控政策的信心和耐心,2022年10月10日
134,科学精准做好疫情防控工作,2022年10月8日
135,牢牢守住不发生规模性疫情的底线,2022年10月7日
136,科学精准做好国庆假期疫情防控（国务院联防联控机制发布会）,2022年9月30日
137,河南高效统筹疫情防控和经济社会发展 探索新机制 稳链保生产,2022年9月11日
138,认真落实各项防控措施 守住不发生规模性疫情的底线,2022年9月10日
139,用最短时间最小代价控制疫情（国务院联防联控机制发布会）,2022年9月9日
140,日本新冠肺炎疫情愈发严峻,2022年9月5日
141,美舆论批评政府应对猴痘疫情不力（深度观察）,2022年9月1日
142,经济发展和疫情防控两手都要抓、都要硬（评论员观察）,2022年8月24日
143,海南以党建引领扎实推进疫情防控,2022年8月24日
144,美疾控中心主任承认该机构应对新冠疫情不力,2022年8月22日
145,一鼓作气 拔点攻坚 巩固扩大疫情防控成果,2022年8月20日
146,后疫情时代职业技术教育发展：新变化、新方式、新技能,2022年8月17日
147,坚决防止疫情外溢 有序安排游客离琼 海南组织广大党员干部投身一线抗疫,2022年8月15日
148,刻不容缓落实各项防控措施 以快制快尽早扑灭疫情,2022年8月14日
149,要迅速遏制本土疫情扩散蔓延（国务院联防联控机制发布会）,2022年8月11日
150,“疫情要防住、经济要稳住、发展要安全”（——习近平总书记引领高效统筹疫情防控和经济社会发展述评）,2022年8月9日
151,“疫情要防住、经济要稳住、发展要安全”（——习近平总书记引领高效统筹疫情防控和经济社会发展述评）,2022年8月9日
152,坚决防止出现规模性疫情（国务院联防联控机制发布会）,2022年7月22日
153,欧洲推进疫苗接种应对疫情冲击,2022年7月19日
154,统筹好疫情防控和经济社会发展工作（人民观点）,2022年7月18日
155,不断提高疫情防控科学性精准性（人民观点）,2022年7月15日
156,争取今年我国经济发展达到较好水平（评论员观察）（——统筹好疫情防控和经济社会发展工作③）,2022年7月13日
157,北京助企纾困促进消费（高效统筹疫情防控和经济社会发展）,2022年7月12日
158,上海机场货运基本恢复（高效统筹疫情防控和经济社会发展）,2022年7月12日
159,帮助人民群众解决实际困难（评论员观察）（——统筹好疫情防控和经济社会发展工作②）,2022年7月12日
160,推动经济平稳健康发展（评论员观察）（——统筹好疫情防控和经济社会发展工作①）,2022年7月11日
161,严防境外输入病例引起本土疫情 各地进一步强化外防输入工作（国务院联防联控机制发布会）,2022年7月9日
162,日本新冠肺炎疫情反弹,2022年7月8日
163,龙头企业多措并举稳产保链（高效做好统筹疫情防控和经济社会发展工作·一线探落实）,2022年7月7日
164,政策落地及时 司机心里踏实（高效做好统筹疫情防控和经济社会发展工作·一线探落实）,2022年7月6日
165,刚果（金）宣布第十四轮埃博拉疫情结束,2022年7月6日
166,加强疫苗接种 遏制疫情蔓延,2022年7月1日
167,提高疫情防控的科学性精准性（国务院联防联控机制发布会）,2022年6月29日
168,北京持续巩固抗疫成果（高效统筹疫情防控和经济社会发展）,2022年6月27日
169,严格落实疫情防控“九不准”（国务院联防联控机制发布会）,2022年6月26日
170,有效处置反复性 全力应对不确定（高效统筹疫情防控和经济社会发展）,2022年6月23日
171,一家园区的助企纾困及时雨（高效做好统筹疫情防控和经济社会发展工作·一线探落实）,2022年6月23日
172,北京在稳增长中主动作为（高效统筹疫情防控和经济社会发展）,2022年6月22日
173,北京多措并举防止疫情反弹（高效统筹疫情防控和经济社会发展）,2022年6月21日
174,上海加强中风险地区管控（高效统筹疫情防控和经济社会发展）,2022年6月21日
175,汽车消费不断回暖（高效做好统筹疫情防控和经济社会发展工作·一线探落实）,2022年6月21日
176,践行社会责任 助力疫情防控,2022年6月21日
177,北京以更彻底措施巩固防疫成果（高效统筹疫情防控和经济社会发展）,2022年6月20日
178,上海加快“一老一小”新冠疫苗接种（高效统筹疫情防控和经济社会发展）,2022年6月20日
179,全面加强基础设施建设（高效做好统筹疫情防控和经济社会发展工作·一线探落实）,2022年6月20日
180,本轮聚集性疫情传播链条已基本阻断 北京以抗疫成果促进稳增长（高效统筹疫情防控和经济社会发展）,2022年6月19日
181,疫情形势趋稳向好 复工复产稳妥有序 北京继续巩固防疫成效（高效统筹疫情防控和经济社会发展）,2022年6月18日
182,大数据助力上海精准防疫（高效统筹疫情防控和经济社会发展）,2022年6月18日
183,北京“三严”并举夯实重点行业防控（高效统筹疫情防控和经济社会发展）,2022年6月17日
184,北京织密社会面防控安全网（高效统筹疫情防控和经济社会发展）,2022年6月16日
185,上海新认定30家跨国公司地区总部（高效统筹疫情防控和经济社会发展）,2022年6月16日
186,阿联酋再次收紧疫情防控措施,2022年6月15日
187,北京本轮疫情防控正处关键阶段（高效统筹疫情防控和经济社会发展）,2022年6月15日
188,上海进一步压实防疫四方责任（高效统筹疫情防控和经济社会发展）,2022年6月15日
189,孙春兰在调研北京疫情防控时强调 抓细抓实各项防控措施 尽快控制疫情扩散蔓延,2022年6月14日
190,进一步加强新冠病毒核酸采样质量管理（高效统筹疫情防控和经济社会发展）,2022年6月14日
191,北京众志成城阻击新一轮疫情（高效统筹疫情防控和经济社会发展）,2022年6月14日
192,上海对服务行业场所开展专项督查（高效统筹疫情防控和经济社会发展）,2022年6月14日
193,北京全力以赴防止疫情外溢（高效统筹疫情防控和经济社会发展）,2022年6月13日
194,上海有序推进复商复市（高效统筹疫情防控和经济社会发展）,2022年6月13日
195,上海各区加大招商引资力度（高效统筹疫情防控和经济社会发展）,2022年6月13日
196,北京争分夺秒阻断病毒传播（高效统筹疫情防控和经济社会发展）,2022年6月12日
197,第五届进博会企业参展势头良好（高效统筹疫情防控和经济社会发展）,2022年6月12日
198,上海常态化核酸免费检测延长至7月31日（高效统筹疫情防控和经济社会发展）,2022年6月12日
199,北京严格落实扫码查验（高效统筹疫情防控和经济社会发展）,2022年6月11日
200,迅速处置一起涉酒吧聚集性疫情 北京着力控风险稳增长（高效统筹疫情防控和经济社会发展）,2022年6月10日
201,严防人群聚集区域疫情反弹风险（高效统筹疫情防控和经济社会发展）,2022年6月10日
202,上海有序恢复开放文旅场所（高效统筹疫情防控和经济社会发展）,2022年6月10日
203,北京着力稳定产业链供应链（高效统筹疫情防控和经济社会发展）,2022年6月9日
204,长三角中欧班列有力支持复工复产（高效统筹疫情防控和经济社会发展）,2022年6月9日
205,上海临港11个重大项目集中开工（高效统筹疫情防控和经济社会发展）,2022年6月8日
206,慎终如始抓好疫情防控 北京复工达产稳步推进（高效统筹疫情防控和经济社会发展）,2022年6月8日
207,广东:五个特困行业缓缴企业社保费（高效统筹疫情防控和经济社会发展）,2022年6月8日
208,披露美国疫情应对的重重问题（深度观察）,2022年6月7日
209,北京烟火气回归（高效统筹疫情防控和经济社会发展）,2022年6月7日
210,上汽临港保“链”记（高效统筹疫情防控和经济社会发展）,2022年6月7日
211,图片报道（高效统筹疫情防控和经济社会发展）,2022年6月7日
212,天津推出稳经济一揽子政策措施（高效统筹疫情防控和经济社会发展）,2022年6月7日
213,交通物流畅通向好（高效统筹疫情防控和经济社会发展）,2022年6月6日
214,复商复市 人气渐归（高效统筹疫情防控和经济社会发展）,2022年6月6日
215,立足于“防”，抓好常态化疫情防控（人民论坛）,2022年6月6日
216,北京疫情防控取得阶段性成果（高效统筹疫情防控和经济社会发展）,2022年6月6日
217,上海公共交通恢复基本运行（高效统筹疫情防控和经济社会发展）,2022年6月6日
218,打赢常态化疫情防控这场持久战（新论）,2022年6月6日
219,北京本轮疫情整体进入扫尾阶段（高效统筹疫情防控和经济社会发展）,2022年6月5日
220,上海加速复工复产复市（高效统筹疫情防控和经济社会发展）,2022年6月5日
221,上海运用数字化推进疫情防控（高效统筹疫情防控和经济社会发展）,2022年6月5日
222,统筹疫情防控和经济社会发展 北京出台稳定经济增长多项措施（抓细抓实各项防疫工作）,2022年6月4日
223,北京：疫情防控与经济增长两手抓（抓细抓实各项防疫工作）,2022年6月3日
224,大约有二十五万美国儿童成为“疫情孤儿”，相关人士表示—— “疫情带来的伤痛正影响一代美国青少年”（深度观察）,2022年6月2日
225,做好疫情防控 推动企业复工复产（人民时评）,2022年5月31日
226,北京疫情防控形势持续向好（抓细抓实各项防疫工作）,2022年5月30日
227,北京本轮疫情已得到有效控制（抓细抓实各项防疫工作）,2022年5月29日
228,“中国经济高质量发展步伐更加坚定”（——国际社会积极评价中国统筹疫情防控和经济发展成效）,2022年5月29日
229,高效统筹疫情防控和经济社会发展 不断推动高质量发展迈出新步伐,2022年5月26日
230,高效统筹疫情防控和经济社会发展 不断推动高质量发展迈出新步伐,2022年5月26日
231,抗击疫情必须慎终如始（人民论坛）,2022年5月25日
232,上海持续巩固疫情防控成果（抓细抓实各项防疫工作）,2022年5月25日
233,提速处置聚集性疫情（国务院联防联控机制发布会）,2022年5月24日
234,依法科学有序防控疫情,2022年5月23日
235,进一步从严从紧加强社会面疫情防控 北京阻断传播再出台四项措施（抓细抓实各项防疫工作）,2022年5月22日
236,北京阻击疫情再出台三项措施（抓细抓实各项防疫工作）,2022年5月21日
237,过早放松疫情防控导致确诊病例激增 多国经济社会秩序遭受冲击（深度观察）,2022年5月19日
238,与疫情赛跑 为生命护航（抓细抓实各项防疫工作）,2022年5月19日
239,上海市实现社会面清零（将进一步巩固扩大疫情防控成果）,2022年5月18日
240,日本面临新一波疫情风险,2022年5月18日
241,北京进一步加强社区（村）疫情防控工作（抓细抓实各项防疫工作）,2022年5月18日
242,上海市实现社会面清零（将进一步巩固扩大疫情防控成果）,2022年5月18日
243,坚持疫情防控方针政策不松劲（抓细抓实各项防疫工作）,2022年5月18日
244,北京多措并举精准发力控疫情（抓细抓实各项防疫工作）,2022年5月17日
245,上海疫情防控取得阶段性成效（抓细抓实各项防疫工作）,2022年5月17日
246,提防借疫情实施的诈骗（百姓关注）,2022年5月16日
247,“新冠肺炎疫情依然是公共卫生的重大挑战”（深度观察）,2022年5月16日
248,山东巩固疫情防控成果（抓细抓实各项防疫工作）,2022年5月16日
249,全国疫情整体继续呈现下降态势（国务院联防联控机制发布会）,2022年5月14日
250,沿着高速探物流（人民眼·统筹疫情防控和物流畅通保供）,2022年5月13日
251,履行法定义务 共筑疫情防控屏障（金台锐评）,2022年5月12日
252,北京关口前移坚决阻断疫情传播（抓细抓实各项防疫工作）,2022年5月12日
253,毫不动摇坚持“动态清零”总方针 坚决巩固住来之不易的疫情防控成果,2022年5月10日
254,提升防疫能力 快速处置疫情（抓细抓实各项防疫工作）,2022年5月9日
255,以时不我待的精神、分秒必争的行动 抓实抓细疫情防控各项工作,2022年5月8日
256,疫情防控不松劲 复工复产在发力（抓细抓实各项防疫工作）,2022年5月8日
257,疫情要防住 经济要稳住 发展要安全（新时代画卷）,2022年5月8日
258,全国疫情整体形势有所好转但仍复杂严峻 加快局部聚集性疫情处置（国务院联防联控机制发布会）,2022年5月7日
259,上海推进疫情防控攻坚行动（抓细抓实各项防疫工作）,2022年5月7日
260,坚决筑牢疫情防控屏障（抓细抓实各项防疫工作）,2022年5月7日
261,分析当前新冠肺炎疫情防控形势 研究部署抓紧抓实疫情防控重点工作,2022年5月6日
262,全球疫情仍处于高位，病毒还在不断变异，世卫组织强调—— 持续监测病毒 加强疫情防控（国际视点）,2022年5月6日
263,坚决遏制疫情扩散蔓延—— 北京出台六项措施（抓细抓实各项防疫工作）,2022年5月6日
264,国务院联防联控机制综合组上海工作组调研指导疫情防控工作,2022年5月6日
265,共同筑牢疫情防控的坚强防线（抓细抓实各项防疫工作）,2022年5月4日
266,上海疫情防控仍处于持续攻坚、不进则退的关键时期 坚持就是胜利，坚持一定胜利,2022年5月4日
267,疫情要防住 经济要稳住 发展要安全,2022年5月1日
268,“动态清零”是疫情防控务必守住的底线（权威发布）,2022年4月30日
269,美国约二十万儿童成为“疫情孤儿”（深度观察）（美媒指出，随着疫情蔓延，失去父母或监护人的儿童数量预计将持续增加）,2022年4月29日
270,他们，在抗疫中成长（抓细抓实各项防疫工作）（——复旦大学疫情防控期间见闻）,2022年4月28日
271,以快制快 坚持“动态清零”不动摇（——访国家卫健委疫情应对处置工作领导小组专家组组长梁万年）,2022年4月24日
272,让党旗飘扬在疫情防控一线（抓细抓实各项防疫工作）,2022年4月22日
273,香港疫情防控态势向好，珍惜成果不可大意（人民论坛）,2022年4月21日
274,上海企业坚持疫情防控和生产经营两手抓 严格闭环管理 保障安全生产（抓细抓实各项防疫工作）,2022年4月21日
275,23条举措支持疫情防控和经济社会发展,2022年4月19日
276,“充分展现对人民生命健康的高度负责”（——国际社会积极评价中国疫情防控坚持“动态清零”总方针不动摇）,2022年4月19日
277,以快制快，坚决打赢疫情防控攻坚战（人民论坛）,2022年4月19日
278,严格落实常态化疫情防控措施,2022年4月18日
279,努力夺取疫情防控和经济发展“双胜利”,2022年4月17日
280,在上海疫情防控中，担起急难险重任务，让各项防控措施落地见效—— 社区抗疫，居村书记当“头雁”（抓细抓实各项防疫工作）,2022年4月17日
281,为上海疫情防控和经济社会发展贡献力量 交通运输业全力以赴保供稳链（抓细抓实各项防疫工作）,2022年4月16日
282,美国新冠肺炎确诊病例数量上升，政府部门却在推动放松疫情防控。美国媒体表示—— “美国此举最终将损害民众生命健康”（深度观察）,2022年4月15日
283,吉林各市州实现疫情防控社会面清零目标,2022年4月15日
284,医疗卫生专家为上海抗击疫情建言献策 完善防控措施 加强救治力量,2022年4月14日
285,疫情防控不松劲 春耕备播不误时 辽宁已完成机耕整地582.7万亩,2022年4月13日
286,社会各界统一思想、凝聚共识，做实做细各项疫情防控措施 坚持“动态清零”总方针不犹豫不动摇（抓细抓实各项防疫工作）,2022年4月13日
287,“动态清零”是我国当前抗击疫情的最佳选择（人民论坛）,2022年4月13日
288,国务院应对新型冠状病毒感染肺炎疫情联防联控机制印发通知 切实做好货运物流保通保畅工作,2022年4月12日
289,共创后疫情时代美好世界（命运与共·全球发展倡议系列综述）,2022年4月12日
290,“动态清零”是上海抗疫最佳方案（抓细抓实各项防疫工作）（——访国家卫健委疫情应对处置工作领导小组专家组组长梁万年）,2022年4月11日
291,疫情防控和春耕备耕两不误,2022年4月11日
292,充实医疗力量 携手抗击疫情（抓细抓实各项防疫工作）,2022年4月10日
293,法国禽流感疫情出现严重反弹,2022年4月8日
294,从严从实抓好疫情防控（国务院联防联控机制发布会）,2022年4月7日
295,在疫情防控关键时刻当先锋、作表率 上海68.6万名在职党员向社区报到,2022年4月7日
296,尽锐出战 以快制快 用最短时间遏制疫情扩散,2022年4月3日
297,更早发现疫情 更快落实措施（国务院联防联控机制发布会）,2022年4月2日
298,疫情发生以来 检察机关起诉涉疫情案件逾万件,2022年4月1日
299,美国疫情纾困金诈骗案激增,2022年3月31日
300,“始终坚持人民至上、生命至上”（——习近平总书记指挥打好统筹疫情防控和经济社会发展之战述评）,2022年3月29日
301,“始终坚持人民至上、生命至上”（——习近平总书记指挥打好统筹疫情防控和经济社会发展之战述评）,2022年3月29日
302,尽快遏制疫情扩散蔓延势头（国务院联防联控机制发布会）,2022年3月23日
303,努力用最小的代价实现最大的防控效果（——习近平总书记在中央政治局常委会会议上的重要讲话为统筹疫情防控和经济社会发展指明方向、提振干劲）,2022年3月21日
304,加强疫情防控 积极保供稳价（抓细抓实各项防疫工作）,2022年3月21日
305,坚持动态清零 科学精准防控（抓细抓实各项防疫工作）（——访国家卫健委疫情应对处置工作领导小组专家组组长梁万年）,2022年3月21日
306,努力用最小的代价实现最大的防控效果（——习近平总书记在中央政治局常委会会议上的重要讲话为统筹疫情防控和经济社会发展指明方向、提振干劲）,2022年3月21日
307,优化防控举措 提高防控水平（——习近平总书记在中央政治局常委会会议上的重要讲话为科学精准防控疫情提供有力指导）,2022年3月20日
308,孙春兰在全国疫情防控工作电视电话会议上强调 时不我待抓实抓细防控各项工作 快速有效控制疫情扩散蔓延势头,2022年3月20日
309,优化防控举措 提高防控水平（——习近平总书记在中央政治局常委会会议上的重要讲话为科学精准防控疫情提供有力指导）,2022年3月20日
310,始终坚持人民至上、生命至上 尽快遏制疫情扩散蔓延势头（——习近平总书记在中央政治局常委会会议上的重要讲话为疫情防控工作指明方向、提振信心）,2022年3月19日
311,成都大运会赛事场馆具备办赛条件（疫情防控将“一赛一策”）,2022年3月19日
312,分析新冠肺炎疫情形势 部署从严抓好疫情防控工作,2022年3月18日
313,战“疫”时不我待 坚持就是胜利（——从严抓好疫情防控工作述评）,2022年3月18日
314,澳门出台应对新冠疫情应急处置预案,2022年3月18日
315,坚定必胜信心 尽快控制疫情,2022年3月17日
316,各疫情发生地应对处置工作有序有力推进（国务院联防联控机制发布会）,2022年3月16日
317,采取最彻底的防控措施 尽快遏制疫情扩散势头,2022年3月14日
318,孙春兰在全国疫情防控工作电视电话会议上强调 从严从紧落实疫情防控各项措施 坚决守住不出现疫情规模性反弹底线,2022年3月13日
319,抗击疫情是我们的头等大事,2022年3月11日
320,春运期间疫情防控措施严格落实见成效 大部分学校如期安全开学（国务院联防联控机制发布会）,2022年2月27日
321,合力抗疫情 奉献汇暖流,2022年2月23日
322,国家的坚实支持是香港应对疫情的信心来源,2022年2月18日
323,携手抗击疫情 共筑免疫屏障,2022年2月14日
324,习近平《坚定信心 勇毅前行 共创后疫情时代美好世界——在2022年世界经济论坛视频会议的演讲》单行本出版,2022年2月12日
325,就香港抗击第五波疫情答记者问,2022年2月11日
326,冬奥闭环内未发生聚集性疫情 疫情风险总体可控（冬奥发布）,2022年2月9日
327,展现战胜疫情的信心和力量（和音）,2022年1月31日
328,构筑冬奥会疫情防控“数字防线”（钟声）,2022年1月30日
329,冬奥疫情防控严格闭环管理，专家表示： “我们有信心保证安全”,2022年1月30日
330,走和平发展、合作共赢的人间正道（和音）（——共创后疫情时代美好世界⑤）,2022年1月23日
331,始终做全球发展事业的实践者和贡献者（和音）（——共创后疫情时代美好世界④）,2022年1月22日
332,孙春兰在调研北京冬奥会疫情防控时强调 精准精细落实疫情防控措施 确保冬奥会顺利举办和人员健康安全,2022年1月21日
333,推动世界经济复苏进程走稳走实（和音）（——共创后疫情时代美好世界③）,2022年1月21日
334,广州南站积极统筹疫情防控和运输组织，提供多样化服务—— 让回家之路平安顺畅（2022春运一线）,2022年1月20日
335,坚定人类走出疫情阴霾的必胜信心（和音）（——共创后疫情时代美好世界②）,2022年1月20日
336,从历史和哲学高度回答时代之问（和音）（——共创后疫情时代美好世界①）,2022年1月19日
337,习近平出席2022年世界经济论坛视频会议并发表演讲（强调要在历史前进的逻辑中前进 在时代发展的潮流中发展坚定信心 勇毅前行 共创后疫情时代美好世界）,2022年1月18日
338,驻日美军造成日本疫情扩散,2022年1月18日
339,坚定信心 勇毅前行 共创后疫情时代美好世界,2022年1月18日
340,深入细致落实防控措施 尽早扑灭聚集性疫情,2022年1月18日
341,博鳌亚洲论坛2022年年会将聚焦疫情防治等6项议题,2022年1月13日
342,应用数字技术 助力疫情防控,2022年1月11日
343,刚果（金）成功遏制新一轮埃博拉疫情,2022年1月10日
344,慎终如始抓好防控措施落实 一鼓作气打赢疫情防控歼灭战,2022年1月9日
345,世卫组织肯定北京冬奥会疫情防控措施,2022年1月9日
346,美国新冠肺炎疫情严重反弹,2022年1月7日
347,做好疫情防控 保障安全出行（权威发布）,2022年1月6日
348,采取更加坚决果断的措施 坚定信心尽快控制疫情蔓延,2021年12月31日
349,用于支持陕西省西安市新冠肺炎疫情防控工作,2021年12月31日
350,李克强主持召开国务院常务会议（部署做好2022年春运疫情防控工作；决定延续实施部分个人所得税优惠政策；确定加强乡村教师队伍建设和保障进城务工人员随迁子女就学的措施）,2021年12月30日
351,十五个督查组分赴各地督查疫情防控 确保人民群众度过健康祥和的节日（国务院联防联控机制发布会）,2021年12月30日
352,李克强主持召开国务院常务会议（部署做好2022年春运疫情防控工作；决定延续实施部分个人所得税优惠政策；确定加强乡村教师队伍建设和保障进城务工人员随迁子女就学的措施）,2021年12月30日
353,刻不容缓落实防控措施 尽快遏制疫情扩散蔓延,2021年12月23日
354,西安全力以赴遏制疫情蔓延势头,2021年12月22日
355,疫情防控要确保做到放假不放松（国务院联防联控机制发布会）,2021年12月21日
356,中国疫苗帮助菲律宾抗击疫情（国际论坛）,2021年12月20日
357,迅速果断处置聚集疫情 尽快实现“动态清零”,2021年12月20日
358,“两节”期间疫情防控必须高度重视—— 科学精准防控 安全有序流动（国务院联防联控机制发布会）,2021年12月19日
359,“疫情下共同坚守，我们亲如一家”,2021年12月18日
360,加强口岸城市新冠肺炎疫情防控工作,2021年12月14日
361,多国升级防控措施应对疫情（国际视点）,2021年12月9日
362,孙春兰在全国疫情防控工作电视电话会议上强调 科学精准扎实做好疫情防控工作 确保人民群众“两节”健康平安,2021年12月8日
363,精心做好医疗保障和疫情防控工作 确保举办健康安全北京冬奥会,2021年11月23日
364,同心协力，牢牢将疫情控制住,2021年11月22日
365,全国累计报告接种新冠疫苗超二十四亿剂次（国务院联防联控机制发布会）（本轮疫情整体进入扫尾阶段，仍需巩固落实现有防控政策）,2021年11月21日
366,坚持常态化疫情防控不松懈（——访国家卫健委新冠肺炎疫情应对处置工作领导小组专家组组长梁万年）,2021年11月19日
367,日本发生禽流感疫情,2021年11月16日
368,严密防控 果断处置 尽快遏制疫情扩散蔓延,2021年11月16日
369,进一步做好冬春季疫情防控（国务院联防联控机制发布会）,2021年11月14日
370,第三十一届中国新闻奖评选结果揭晓（本报评论《风雨无阻向前进——写在中国人民抗击新冠肺炎疫情之际》、短视频专题报道《生死金银潭》获特别奖；文字通讯与深度报道《“总书记来过我们家”系列报道》等获一等奖）,2021年11月8日
371,把疫情防控摆在突出位置 落实落细各项工作 高质量完成筹办任务,2021年11月5日
372,把人民生命安全和身体健康放在第一位（新时代的关键抉择）（——以习近平同志为核心的党中央坚决打赢疫情防控人民战争总体战阻击战述评）,2021年11月2日
373,美国新冠肺炎疫情持续蔓延,2021年11月2日
374,把人民生命安全和身体健康放在第一位（新时代的关键抉择）（——以习近平同志为核心的党中央坚决打赢疫情防控人民战争总体战阻击战述评）,2021年11月2日
375,团结起来，共同驱散疫情阴霾（和音）,2021年11月2日
376,精细精准落实防控措施 尽快遏制多点散发疫情,2021年10月31日
377,合作抗击疫情 聚焦共同发展（权威发布）,2021年10月27日
378,加强秋冬季新冠肺炎疫情防控（国务院联防联控机制发布会）,2021年10月25日
379,落细落实各项防控措施 坚决遏制疫情扩散蔓延,2021年10月23日
380,从疫情中复苏必须具有变革性、包容性和可持续性,2021年10月19日
381,“疫苗巴士”为社区提供便利（患难见真情 共同抗疫情）,2021年10月18日
382,阻断社区传播 遏制疫情外溢 福建莆田已全域转为低风险区,2021年10月13日
383,意大利：疫苗接种推动疫情形势好转,2021年10月13日
384,各国采取气候行动确保疫情后绿色复苏,2021年10月13日
385,非洲疫情形势有所好转,2021年10月12日
386,国际奥委会执行委员会会议审议北京冬奥会和冬残奥会疫情防控政策,2021年10月1日
387,全国累计报告接种新冠病毒疫苗22亿余剂次（国务院联防联控机制发布会）（假期要强化疫情防控值守）,2021年9月30日
388,“新冠肺炎疫情大流行下的生命健康权保障”边会举行,2021年9月30日
389,人民至上 生命至上（——从精准处理疫情防控与经济发展的辩证关系看中国之道）,2021年9月30日
390,疫情期间少数族裔企业难获资助—— “美国正经历一场不公平的经济复苏”（深度观察）,2021年9月29日
391,一鼓作气早日打赢聚集性疫情歼灭战,2021年9月24日
392,迅速行动，全力以赴（——福建新冠肺炎疫情防控一线见闻）,2021年9月21日
393,落细落实各项防控措施 尽快把疫情控制住,2021年9月20日
394,推进疫苗合作 团结抗击疫情（推动抗疫国际合作，中国在行动）,2021年9月15日
395,“溯源政治化严重破坏全球疫情防控合作大局”（国际视点）,2021年9月14日
396,我国本轮疫情已经得到有效控制，记者走近疫情防控一线工作人员，听他们讲述—— 全力以赴打好德尔塔变异株疫情防控阻击战（人民眼·新冠肺炎疫情防控）,2021年9月10日
397,图片报道（患难见真情 共同抗疫情）,2021年9月8日
398,智利给予科兴新冠疫苗在6岁至17岁人群中紧急使用许可（患难见真情 共同抗疫情）,2021年9月8日
399,新西兰多地下调防控新冠肺炎疫情响应等级,2021年9月7日
400,美国抗疫乱象加剧疫情危机,2021年9月2日
401,欧洲努力应对疫情反弹,2021年9月1日
402,国办在中国政府网开通“各地疫情防控政策措施”专栏,2021年8月31日
403,全力做好疫情防控和医疗救治 更好地维护人民群众健康福祉,2021年8月20日
404,泰国延长疫情高危地区封锁措施,2021年8月19日
405,依法惩治妨害疫情防控秩序犯罪,2021年8月19日
406,美国疫情出现时间或早于官方报告（深度观察）,2021年8月17日
407,哥伦比亚多地发生登革热疫情,2021年8月17日
408,疫情凸显美国“资本至上”冷酷现实（钟声）,2021年8月17日
409,尼泊尔公布新财年疫情纾困措施,2021年8月16日
410,尼日利亚多地发生霍乱疫情,2021年8月16日
411,一鼓作气打赢聚集性疫情歼灭战,2021年8月16日
412,凝聚疫情防控的合力（现场评论）,2021年8月16日
413,从严从紧落实各项疫情防控措施（人民观点）,2021年8月13日
414,新冠肺炎疫情加剧美国医疗资源不平等,2021年8月12日
415,支持本着科学精神在全球范围开展溯源研究（患难见真情 共同抗疫情）,2021年8月12日
416,中国通过“新冠疫苗实施计划”供应孟加拉国首批疫苗运抵达卡（患难见真情 共同抗疫情）,2021年8月12日
417,图片报道（患难见真情 共同抗疫情）,2021年8月12日
418,坚决堵住防控漏洞 尽快遏制疫情扩散势头,2021年8月12日
419,落细落实常态化疫情防控措施（人民时评）,2021年8月12日
420,文莱加强疫情管控,2021年8月11日
421,积极应对疫情灾情双重挑战 确保大灾之后无大疫,2021年8月8日
422,合作的阳光终将驱散疫情的阴霾（和音）,2021年8月7日
423,刻不容缓落实防控举措 尽快把疫情扩散势头遏制住,2021年8月7日
424,采取切实有效措施 尽快把疫情控制住,2021年8月5日
425,信任与合作对疫情应对至关重要（国际论坛）,2021年8月4日
426,“共同努力更好救治患者”（患难见真情 共同抗疫情）,2021年8月3日
427,从严从紧落实各项防控措施 坚决遏制疫情扩散蔓延势头,2021年8月2日
428,弘扬传统医学 加强交流互鉴（患难见真情 共同抗疫情）,2021年8月2日
429,“原本可以避免的悲剧仍在发生”（国际视点）（——美国新冠肺炎疫情严重反弹）,2021年7月29日
430,筑牢社区疫情防控防线,2021年7月27日
431,重建草绳桥 编织新希望（患难见真情 共同抗疫情）,2021年7月23日
432,对抗疫情应基于科学而不应政治化,2021年7月20日
433,亚太经合组织领导人声明：克服疫情影响 加速经济复苏,2021年7月17日
434,疫情防控彰显中国文化优势,2021年7月14日
435,“疫情下的经社文权利保护”视频边会举行,2021年6月28日
436,4款疫苗列入可供对外出口新冠疫苗产品清单（患难见真情 共同抗疫情）,2021年6月25日
437,“免下车”接种便利民众（患难见真情 共同抗疫情）,2021年6月22日
438,统筹疫情防控和经济社会发展成效继续显现 中国经济内生动力加强（权威发布）,2021年6月17日
439,为全球战胜疫情注入信心和动力（患难见真情 共同抗疫情）,2021年6月16日
440,中国政府援助阿富汗新冠疫苗运抵喀布尔（患难见真情 共同抗疫情）,2021年6月14日
441,国际劳工组织总干事说疫情加剧劳动力市场不平等,2021年6月9日
442,“2021·中欧人权研讨会”聚焦新冠肺炎疫情与生命健康权保障,2021年6月9日
443,提升卫生应急能力 加强团结抗击疫情（国际视点）,2021年6月3日
444,一带一路倡议有助于后疫情时代绿色复苏,2021年5月31日
445,疫情暴露伪人权（钟声）,2021年5月28日
446,面对疫情挑战和工作模式变化，国际组织呼吁加强劳动者权益保障—— 完善安全机制 降低健康风险（国际视点）,2021年5月27日
447,大数据协助疫情防控（患难见真情 共同抗疫情）,2021年5月25日
448,“移动博物馆” 艺术新体验（患难见真情 共同抗疫情）,2021年5月20日
449,凝聚团结合作抗击疫情的力量（和音）,2021年5月18日
450,“我们一定可以赢得这场抗疫斗争的胜利”（患难见真情 共同抗疫情）,2021年5月17日
451,北京把疫情防控作为维护首都安全头等大事来抓—— 第一时间反应 科学精准防控,2021年5月17日
452,多人因辽宁鲅鱼圈新冠肺炎疫情被问责,2021年5月17日
453,抗击新冠肺炎疫情，中医药彰显独特优势 传承医者仁心 守护生命健康,2021年5月14日
454,李克强主持召开国务院常务会议（决定将部分减负稳岗扩就业政策期限延长到今年底，确定进一步支持灵活就业的措施；部署加强对受疫情持续影响行业企业的金融支持；通过《建设工程抗震管理条例（草案）》）,2021年5月13日
455,李克强主持召开国务院常务会议（决定将部分减负稳岗扩就业政策期限延长到今年底，确定进一步支持灵活就业的措施；部署加强对受疫情持续影响行业企业的金融支持；通过《建设工程抗震管理条例（草案）》）,2021年5月13日
456,“中国+中亚五国”外长关于共同应对新冠肺炎疫情的联合声明,2021年5月13日
457,消除免疫鸿沟 推动抗疫合作（患难见真情 共同抗疫情）,2021年5月12日
458,世卫组织肯定中国疫情防控成果,2021年5月12日
459,网约车助力疫苗接种（患难见真情 共同抗疫情）,2021年5月6日
460,统筹疫情防控与经济社会发展—— 充分展现中国精神、中国力量、中国担当（奋斗百年路 启航新征程）,2021年5月5日
461,统筹新冠肺炎疫情防控和经济社会发展取得重大成果—— 风雨无阻向前进（辉煌历程）,2021年5月5日
462,筑牢全球抗疫防线（患难见真情 共同抗疫情）,2021年5月3日
463,就印度新冠肺炎疫情 习近平向印度总理莫迪致慰问电,2021年5月1日
464,全国新冠疫苗接种2.44亿剂次（国务院联防联控机制发布会）（“五一”假期疫情防控不松懈）,2021年4月30日
465,拉美多举措加强疫情防控,2021年4月29日
466,柏林谨慎重启文化生活（患难见真情 共同抗疫情）,2021年4月28日
467,李克强主持召开国务院常务会议（提升；确定知识产权领域“放管服”改革新举措，更大便利创业创新激发市场主体创造活力；部署做好五一假期疫情防控和安全生产等工作）,2021年4月28日
468,王毅主持中阿巴尼斯孟六国外长合作应对新冠肺炎疫情视频会议,2021年4月28日
469,习近平在博鳌亚洲论坛2021年年会开幕式上发表主旨演讲（倡议亚洲和世界各国回应时代呼唤，携手共克疫情，加强全球治理，高质量共建“一带一路”，朝着构建人类命运共同体方向不断迈进）,2021年4月21日
470,“礼物大篷车”装载爱与尊重（患难见真情 共同抗疫情）,2021年4月19日
471,推动抗疫合作 展现大国担当（患难见真情 共同抗疫情）,2021年4月12日
472,抗疫情 增友谊 促合作（大使随笔）,2021年4月12日
473,疫情之下 逆势增长 中柬合作西港特区交出亮眼成绩单,2021年4月11日
474,中国应对疫情的成绩有目共睹（国际论坛）,2021年4月8日
475,众志成城战疫情（奋斗百年路 启航新征程）,2021年4月8日
476,图片报道（患难见真情 共同抗疫情）,2021年4月6日
477,中国疫苗助力全球抗疫（患难见真情 共同抗疫情）,2021年4月4日
478,中国援柬第二批新冠疫苗运抵金边（患难见真情 共同抗疫情）,2021年4月2日
479,图片报道（患难见真情 共同抗疫情）,2021年4月2日
480,“要战胜疫情就必须加强合作”,2021年4月1日
481,中医药与抗击新冠肺炎疫情国际合作论坛举行,2021年3月31日
482,“让更多患者赢得生的希望”（患难见真情 共同抗疫情）,2021年3月30日
483,联合国报告：疫情加剧全球不平等现象,2021年3月30日
484,孙春兰将在“中医药与抗击新冠肺炎疫情国际合作论坛”发表视频致辞,2021年3月30日
485,应对疫情部分税费优惠政策延续实施,2021年3月25日
486,“友谊在互帮互助中不断升华”（患难见真情 共同抗疫情）,2021年3月25日
487,加强疫苗合作 促进团结抗疫（患难见真情 共同抗疫情）,2021年3月24日
488,意大利再次收紧疫情防控措施,2021年3月24日
489,南非下调疫情防控级别,2021年3月23日
490,中俄抗疫合作紧密高效（患难见真情 共同抗疫情）,2021年3月22日
491,图片报道（患难见真情 共同抗疫情）,2021年3月22日
492,纳米比亚开始接种中国援助的新冠疫苗（患难见真情 共同抗疫情）,2021年3月22日
493,第二批中国科兴新冠疫苗运抵乌拉圭（患难见真情 共同抗疫情）,2021年3月18日
494,“接种疫苗，才能更好保障安全”（患难见真情 共同抗疫情）,2021年3月16日
495,希望美中加强合作抗击疫情,2021年3月15日
496,以人民为中心应对新冠肺炎疫情影响,2021年3月12日
497,为共同抗疫增添信心和力量（患难见真情 共同抗疫情）,2021年3月4日
498,欧盟启动“HERA孵化器”计划（将加速审批改良版疫苗，协调疫情监控和应对行动）,2021年3月3日
499,《防控疫情 保障人权》图书出版发行,2021年3月2日
500,德国卫生部门推进安装疫情监测系统,2021年3月2日
501,守望相助 深化友谊（患难见真情 共同抗疫情）,2021年3月1日
502,共同努力 战胜疫情,2021年2月28日
503,“一个难忘的中国年”（患难见真情 共同抗疫情）,2021年2月24日
504,非洲积极应对埃博拉疫情,2021年2月22日
505,世卫组织启动2021年新冠肺炎疫情“战略准备和应对方案”,2021年2月20日
506,维谢格拉德集团峰会聚焦抗击疫情等问题,2021年2月19日
507,创意外卖带来新体验（患难见真情 共同抗疫情）,2021年2月9日
508,日本修正法案强化疫情防控,2021年2月8日
509,扎实做好疫情防控工作 推动“十四五”开好局起好步,2021年2月8日
510,美国疫情可能出现“春季激增潮”,2021年2月4日
511,欧盟加强疫情防控协调,2021年2月3日
512,日本一养鸡场出现高致病性禽流感疫情,2021年2月3日
513,绷紧疫情防控这根弦,2021年2月2日
514,筑牢口岸疫情防控网,2021年2月1日
515,加强多边合作 团结抗击疫情（国际视点）,2021年2月1日
516,规范落实春节返乡疫情防控要求（国务院联防联控机制发布会）,2021年2月1日
517,吉林省全力以赴防控疫情,2021年1月29日
518,各运输方式已建立较成熟疫情防控体系（2021春运一线）,2021年1月29日
519,把好疫情流调信息安全关（评论员观察）,2021年1月29日
520,刘鹤在京检查春运工作强调要把疫情防控放在首位 确保人民群众安全出行 确保重要物资运输畅通,2021年1月28日
521,“蓝旗”计划惠民生（患难见真情 共同抗疫情）,2021年1月27日
522,落实防控措施 防止疫情反弹（百姓关注·年节绷紧防控弦）,2021年1月25日
523,中国光彩事业促进会第六次会员代表大会暨全国抗击新冠肺炎疫情民营经济先进个人表彰大会召开,2021年1月23日
524,战胜疫情需要共同努力（国际论坛）,2021年1月23日
525,中国光彩事业促进会第六次会员代表大会暨全国抗击新冠肺炎疫情民营经济先进个人表彰大会召开,2021年1月23日
526,从书籍中获取力量（患难见真情 共同抗疫情）,2021年1月21日
527,进一步做好当前新冠肺炎疫情防控工作,2021年1月21日
528,拉美多国收紧疫情防控措施,2021年1月20日
529,落细落实各项防控措施 尽快阻断疫情扩散蔓延,2021年1月20日
530,始终绷紧疫情防控这根弦,2021年1月18日
531,摄影作品激励人心（患难见真情 共同抗疫情）,2021年1月18日
532,把疫情防控放在春运工作首位,2021年1月18日
533,实地探访河北石家庄农村地区疫情防控 人员不聚集 物资有保障,2021年1月17日
534,世卫组织：新冠肺炎疫情继续构成“国际关注的突发公共卫生事件”,2021年1月17日
535,李克强主持召开国务院常务会议（部署“两节”期间加强对受疫情灾情影响困难群众和低保等群体的生活保障；部署进一步推进药品集中带量采购改革，以常态化制度化措施减轻群众就医负担）,2021年1月16日
536,李克强主持召开国务院常务会议（部署“两节”期间加强对受疫情灾情影响困难群众和低保等群体的生活保障；部署进一步推进药品集中带量采购改革，以常态化制度化措施减轻群众就医负担）,2021年1月16日
537,缓解新一波疫情冲击 泰国推出多项惠民举措,2021年1月15日
538,秘鲁升级防控措施应对新一波疫情,2021年1月15日
539,孙春兰在全国疫情防控工作电视电话会议上强调 坚决克服松懈麻痹思想 巩固来之不易的防控成果,2021年1月15日
540,“爱不会被隔离”（患难见真情 共同抗疫情）,2021年1月14日
541,新西兰实行更严格入境规定应对疫情,2021年1月14日
542,应对疫情影响，千方百计抓项目、促投资，2020年前11个月民间投资同比增长12.3% 青岛：创业之城焕发生机活力（产经观察）,2021年1月13日
543,阻断疫情扩散 河北等地升级管控措施,2021年1月13日
544,马来西亚收紧行动管控措施应对疫情,2021年1月12日
545,刻不容缓，与疫情赛跑,2021年1月11日
546,刻不容缓落实防控措施 尽快遏制疫情扩散蔓延,2021年1月9日
547,加强国际合作 团结抗击疫情（国际视点）,2021年1月8日
548,透明口罩在法国受欢迎（患难见真情 共同抗疫情）,2021年1月8日
549,“报春花疫苗亭代表信心和希望”（患难见真情 共同抗疫情）,2021年1月7日
550,英国再次实施“禁足”以遏制疫情,2021年1月6日
551,携手抗疫谱诗篇（患难见真情 共同抗疫情）,2021年1月4日
552,时刻绷紧疫情防控责任之弦（人民时评）,2021年1月4日
553,李克强主持召开国务院常务会议（听取保障农民工工资支付情况汇报，要求强化措施落实确保农民工按时足额拿到报酬；部署切实做好春运疫情防控工作；通过《行政事业性国有资产管理条例（草案）》，加强和完善国有资产监管）,2020年12月31日
554,新技术助力疫情防控（患难见真情 共同抗疫情）,2020年12月31日
555,李克强主持召开国务院常务会议（听取保障农民工工资支付情况汇报，要求强化措施落实确保农民工按时足额拿到报酬；部署切实做好春运疫情防控工作；通过《行政事业性国有资产管理条例（草案）》，加强和完善国有资产监管）,2020年12月31日
556,以物易物 共克时艰(患难见真情 共同抗疫情),2020年12月29日
557,英国提升疫情防控级别,2020年12月29日
558,美国深度分裂加剧疫情失控（国际论坛）,2020年12月28日
559,北京发布“两节”期间疫情防控措施,2020年12月26日
560,“阳台课”带来温暖和力量（患难见真情 共同抗疫情）,2020年12月23日
561,三季度全球货物贸易反弹 仍低于疫情前水平,2020年12月21日
562,“讲述疫情下中德经济界合作的好故事”对话活动在线举行 为中德加强经济合作提振信心,2020年12月20日
563,“移动课堂”传播知识（患难见真情 共同抗疫情）,2020年12月18日
564,中国给疫情阴霾中的世界带来信心（国际论坛）,2020年12月15日
565,《习近平关于统筹疫情防控和经济社会发展重要论述选编》英文版出版发行,2020年12月14日
566,“为老师鼓掌”（患难见真情 共同抗疫情）,2020年12月14日
567,调查显示后疫情时代欧美企业继续青睐中国供应商,2020年12月14日
568,日本禽流感疫情扩大到10个县,2020年12月14日
569,中国代表呼吁国际社会加强合作共抗疫情,2020年12月13日
570,“平凡英雄”带来感动（患难见真情 共同抗疫情）,2020年12月11日
571,中国代表呼吁帮助中部非洲国家抗击疫情,2020年12月11日
572,“大众厨房”传递温暖（患难见真情 共同抗疫情）,2020年12月10日
573,一带一路合作伙伴疫情防控和复工复产廉洁建设研讨会举行,2020年12月9日
574,“非中人民深厚友谊的体现”（——在非中资企业积极支持当地抗击疫情、复工复产）,2020年12月8日
575,中国防控疫情经验值得借鉴（国际论坛）,2020年12月8日
576,新技术助力疫情防控（患难见真情 共同抗疫情）,2020年12月7日
577,疫情防控和经济恢复都走在世界前列 中国经济韧性十足,2020年12月7日
578,习近平主席特别代表王毅在新冠肺炎疫情问题特别联大上发表讲话,2020年12月5日
579,加强疫情研判和应急处置 毫不放松抓好今冬明春疫情防控,2020年12月4日
580,习近平《守望相助共克疫情 携手同心推进合作——在金砖国家领导人第十二次会晤上的讲话》单行本出版,2020年12月3日
581,习近平主席特别代表王毅将出席新冠肺炎疫情问题特别联大,2020年12月3日
582,邻里互助 共同抗疫（患难见真情 共同抗疫情）,2020年12月2日
583,用艺术作品表达敬意（患难见真情 共同抗疫情）,2020年11月24日
584,为重塑后疫情时代的世界指明方向（和音）,2020年11月24日
585,疫情防控展现我国治理水平（专题深思）,2020年11月23日
586,习近平出席二十国集团领导人第十五次峰会第一阶段会议并发表重要讲话（强调二十国集团应该在后疫情时代国际秩序和全球治理方面发挥更大引领作用 中国将始终坚持做世界和平的建设者、全球发展的贡献者、国际秩序的维护者）,2020年11月22日
587,王毅在“重建后疫情世界”全球智库大会上发表致辞,2020年11月21日
588,习近平出席金砖国家领导人第十二次会晤并发表重要讲话（强调金砖五国要坚持多边主义、团结协作、开放创新、民生优先、绿色低碳，守望相助共克疫情，携手同心推进合作）,2020年11月18日
589,守望相助共克疫情 携手同心推进合作,2020年11月18日
590,习近平出席金砖国家领导人第十二次会晤并发表重要讲话（强调金砖五国要坚持多边主义、团结协作、开放创新、民生优先、绿色低碳，守望相助共克疫情，携手同心推进合作）,2020年11月18日
591,世卫大会续会聚焦疫情应对和防范,2020年11月16日
592,秋冬季疫情扩散风险较大 防控措施应严尽严（国务院联防联控机制发布会）,2020年11月13日
593,共抗疫情，共促复苏，共谋和平,2020年11月13日
594,文旅部要求旅游企业做好疫情防控（市场资讯）,2020年11月11日
595,上海合作组织成员国元首理事会关于共同应对新冠肺炎疫情的声明,2020年11月11日
596,上海合作组织成员国元首理事会关于共同应对新冠肺炎疫情的声明,2020年11月11日
597,全国抗击新冠肺炎疫情先进事迹报告团全媒体宣传启动,2020年11月10日
598,李克强主持召开国务院常务会议（确定加强财政民生支出保障的措施，增强惠民政策获得感和可持续性；部署结合冬季新冠肺炎疫情防控和其他疾病预防，深入开展爱国卫生运动）,2020年11月7日
599,李克强主持召开国务院常务会议（确定加强财政民生支出保障的措施，增强惠民政策获得感和可持续性；部署结合冬季新冠肺炎疫情防控和其他疾病预防，深入开展爱国卫生运动）,2020年11月7日
600,以刻不容缓的战时状态 尽快阻断疫情扩散蔓延,2020年11月6日
601,分享市场机遇 推动全球复苏（——多国领导人高度评价中国克服疫情挑战举办进博会）,2020年11月5日
602,孙春兰强调毫不放松抓好常态化疫情防控 坚决巩固来之不易的防控成果,2020年11月4日
603,“我们更坚定了战胜疫情的信心”（患难见真情 共同抗疫情）,2020年11月2日
604,夺取疫情防控和实现经济社会发展目标双胜利的科学指引（——学习《习近平关于统筹疫情防控和经济社会发展重要论述选编》）,2020年10月31日
605,切实加强疫情防控国际司法交流与合作,2020年10月31日
606,欧洲多国加紧应对疫情反弹,2020年10月29日
607,“云端”探戈传递希望（患难见真情 共同抗疫情）,2020年10月29日
608,目前已基本排除疫情蔓延扩散可能性,2020年10月29日
609,阿根廷加大疫情防控力度,2020年10月28日
610,新疆喀什全力开展疫情防控,2020年10月28日
611,志愿者服务发挥积极作用（患难见真情 共同抗疫情）,2020年10月27日
612,“中国医生的敬业奉献令人敬佩”（患难见真情 共同抗疫情）,2020年10月26日
613,世卫组织：全球新冠肺炎疫情正处于关键时刻,2020年10月25日
614,中国和联合国儿基会为柬埔寨幼儿园捐赠物资（患难见真情 共同抗疫情）,2020年10月25日
615,三万只羊为中蒙友谊添佳话（患难见真情 共同抗疫情）,2020年10月23日
616,中央企业抗击新冠肺炎疫情表彰大会暨先进事迹报告会举行,2020年10月23日
617,抗击新冠肺炎疫情青年志愿服务先进个人和先进集体揭晓,2020年10月23日
618,农工党中央围绕“改革完善重大疫情防控救治体系，全面提高公共卫生服务能力”开展调研—— 构筑强大的公共卫生体系（调查研究 凝聚共识）,2020年10月22日
619,前三季度财政收入增长逐月好转（疫情防控等重点领域支出得到有力保障）,2020年10月22日
620,“中国让我们看到战胜疫情的希望”,2020年10月21日
621,“我们的生活发生了可喜变化”（患难见真情 共同抗疫情）,2020年10月20日
622,“共同努力才能赢得抗疫最终胜利”（患难见真情 共同抗疫情）,2020年10月19日
623,开启后疫情时期周边外交新征程,2020年10月17日
624,“人民至上 生命至上”抗击新冠肺炎疫情专题展览开幕 全景式再现抗疫历程,2020年10月16日
625,在全国抗击新冠肺炎疫情表彰大会上的讲话,2020年10月16日
626,黄坤明出席抗击新冠肺炎疫情专题展览开幕式强调 弘扬伟大抗疫精神 激发团结奋进力量,2020年10月16日
627,“保持战胜疫情的勇气和信念”（患难见真情 共同抗疫情）,2020年10月15日
628,新冠肺炎疫情出现反弹 欧洲重新加强疫情防控举措,2020年10月14日
629,应通过精准防控措施防止疫情蔓延,2020年10月14日
630,中国民众对政府应对疫情举措满意度最高,2020年10月12日
631,《习近平关于统筹疫情防控和经济社会发展重要论述选编》出版发行,2020年10月10日
632,《习近平关于统筹疫情防控和经济社会发展重要论述选编》主要篇目介绍,2020年10月10日
633,“微笑墙”传递希望（患难见真情 共同抗疫情）,2020年10月9日
634,新冠肺炎疫情特别会议旨在凝聚力量,2020年10月9日
635,全球处在应对疫情的关键时刻,2020年10月5日
636,面对持续蔓延的疫情，海外中企全力保障项目施工稳步推进 以坚守和奋战点亮希望,2020年10月5日
637,习近平在联合国大会纪念北京世界妇女大会25周年高级别会议上发表重要讲话（主张帮助妇女摆脱疫情影响，让性别平等落到实处，推动妇女走在时代前列，加强全球妇女事业合作 倡议在2025年再次召开全球妇女峰会）,2020年10月2日
638,抗击新冠肺炎疫情全国三八红旗手（集体）表彰云发布活动举行,2020年9月30日
639,打赢疫情防控人民战争的胜利之本,2020年9月28日
640,美国疫情防控形势愈加严峻(国际视点),2020年9月25日
641,“疫情背景下的中欧经济与合作”国际研讨会举行,2020年9月23日
642,毫不放松抓好常态化疫情防控（大家手笔）,2020年9月23日
643,习近平在联合国成立75周年纪念峰会上发表重要讲话（强调后疫情时代联合国应主持公道、厉行法治、促进合作、聚焦行动 重申中国将始终做多边主义的践行者，积极参与全球治理体系改革和建设，推动构建人类命运共同体）,2020年9月22日
644,疫情防控阻击战的中医力量（一线抗疫群英谱）,2020年9月20日
645,财政收入连续3个月实现正增长（疫情防控、脱贫攻坚等重点领域支出得到有力保障）,2020年9月19日
646,将对十七省份开展秋冬季新冠肺炎疫情防控专项督查,2020年9月19日
647,抗击疫情 疾控先行（短评）,2020年9月19日
648,“这里将成为曼谷的新地标”（患难见真情 共同抗疫情）,2020年9月18日
649,盖茨基金会呼吁全球协作应对疫情,2020年9月18日
650,守护患者 共抗疫情（一线抗疫群英谱）,2020年9月18日
651,应对人类共同挑战的人间正道（——论学习贯彻习近平总书记在全国抗击新冠肺炎疫情表彰大会上重要讲话）,2020年9月17日
652,应对人类共同挑战的人间正道（——论学习贯彻习近平总书记在全国抗击新冠肺炎疫情表彰大会上重要讲话）,2020年9月17日
653,教育部采取措施应对疫情期间留学难—— 适当增加部分中外合作办学机构和项目,2020年9月17日
654,王沪宁在疫情防控工作优秀党员和优秀基层干部座谈会上强调 大力弘扬伟大抗疫精神 在新征程上当先锋建新功,2020年9月16日
655,克服疫情汛情影响，保持稳定复苏态势 8月多个主要经济数据转正（经济聚焦）,2020年9月16日
656,我国已连续多年成为全球第一大网络零售国，疫情防控期间，电商为保障民生发挥了重要作用 电商发展驶入快车道(深度观察),2020年9月16日
657,凝聚人心汇聚民力的强大力量（——论学习贯彻习近平总书记在全国抗击新冠肺炎疫情表彰大会上重要讲话）,2020年9月16日
658,“携手抗击疫情，传递团结的力量”（全球抗疫进行时）,2020年9月15日
659,从容应对惊涛骇浪的深厚底气（——论学习贯彻习近平总书记在全国 抗击新冠肺炎疫情表彰大会上重要讲话）,2020年9月15日
660,“巴中疫苗合作将造福拉美民众”（患难见真情 共同抗疫情）,2020年9月15日
661,抵御风险挑战的根本保证（——论学习贯彻习近平总书记在全国抗击新冠肺炎疫情表彰大会上重要讲话）,2020年9月14日
662,欧洲国家努力应对疫情反弹,2020年9月14日
663,战胜一切艰难险阻的力量源泉（——论学习贯彻习近平总书记在全国抗击新冠肺炎疫情表彰大会上重要讲话）,2020年9月13日
664,同心协力 携手抗疫（——各级关工委和“五老”积极投身疫情防控）,2020年9月13日
665,中国人民最可靠的主心骨（——论学习贯彻习近平总书记在全国抗击新冠肺炎疫情表彰大会上重要讲话）,2020年9月12日
666,中国记协新闻茶座聚焦疫情下的世界经济形势,2020年9月12日
667,大力弘扬伟大抗疫精神（——论学习贯彻习近平总书记在全国抗击新冠肺炎疫情表彰大会上重要讲话）,2020年9月11日
668,奋力夺取抗疫斗争全面胜利（——习近平总书记在全国抗击新冠肺炎疫情表彰大会上重要讲话引发热烈反响）,2020年9月11日
669,“中国的抗疫成就值得尊敬”（外媒看中国）（——外国媒体积极评价中国抗击新冠肺炎疫情斗争取得重大战略成果）,2020年9月11日
670,奋力夺取抗疫斗争全面胜利（——习近平总书记在全国抗击新冠肺炎疫情表彰大会上重要讲话引发热烈反响）,2020年9月11日
671,彰显中国精神 展现中国担当（——习近平主席在全国抗击新冠肺炎疫情表彰大会上的重要讲话引发国际社会热烈反响）,2020年9月11日
672,习近平《在全国抗击新冠肺炎疫情表彰大会上的讲话》单行本出版,2020年9月10日
673,毫不放松抓好常态化疫情防控,2020年9月10日
674,国有疫情时，医生即战士（一线抗疫群英谱）,2020年9月10日
675,中国抗疫经验给世界信心（患难见真情 共同抗疫情）,2020年9月10日
676,奋勇前进 在新征程上创造新的历史伟业（——论学习贯彻习近平总书记在全国抗击新冠肺炎疫情表彰大会上重要讲话）,2020年9月10日
677,一切为了人民 一切依靠人民（——习近平总书记在全国抗击新冠肺炎疫情表彰大会上的重要讲话引发热烈反响）,2020年9月10日
678,大力弘扬伟大抗疫精神 奋勇投身强国强军伟业（——习近平主席在全国抗击新冠肺炎疫情表彰大会上的重要讲话在解放军和武警部队引起强烈反响）,2020年9月10日
679,全国抗击新冠肺炎疫情表彰大会在京隆重举行,2020年9月9日
680,全国抗击新冠肺炎疫情先进个人名单（1499名）,2020年9月9日
681,全国抗击新冠肺炎疫情先进个人名单（1499名）,2020年9月9日
682,全国抗击新冠肺炎疫情先进个人名单（1499名）,2020年9月9日
683,全国抗击新冠肺炎疫情先进个人名单（1499名）,2020年9月9日
684,全国抗击新冠肺炎疫情先进集体名单（500个）,2020年9月9日
685,全国抗击新冠肺炎疫情先进集体名单（500个）,2020年9月9日
686,在全国抗击新冠肺炎疫情表彰大会上的讲话,2020年9月9日
687,关于表彰全国抗击新冠肺炎疫情先进个人和先进集体的决定,2020年9月9日
688,大力弘扬伟大抗疫精神（——习近平总书记在全国抗击新冠肺炎疫情表彰大会上的重要讲话引发热烈反响）,2020年9月9日
689,全国抗击新冠肺炎疫情表彰大会在京隆重举行,2020年9月9日
690,英雄的人民，人民的英雄（——全国抗击新冠肺炎疫情表彰大会侧记）,2020年9月9日
691,大力弘扬伟大抗疫精神（——习近平总书记在全国抗击新冠肺炎疫情表彰大会上的重要讲话引发热烈反响）,2020年9月9日
692,全国抗击新冠肺炎疫情先进个人名单（1499名）,2020年9月9日
693,凝聚起坚不可摧的强大力量（——习近平总书记关于打赢疫情防控的人民战争总体战阻击战重要论述综述）,2020年9月8日
694,在磨难中砥砺复兴力量（——中国抗击新冠肺炎疫情伟大斗争启示录）,2020年9月8日
695,攻坚克难，当好群众主心骨(一线抗疫群英谱)（——广大党员干部在疫情防控中冲锋在前）,2020年9月8日
696,在大战大考中诠释军魂(一线抗疫群英谱)（——全军部队坚决执行疫情防控任务）,2020年9月8日
697,筑牢疫情防控的第一道防线(一线抗疫群英谱),2020年9月8日
698,凝聚起坚不可摧的强大力量（——习近平总书记关于打赢疫情防控的人民战争总体战阻击战重要论述综述）,2020年9月8日
699,在磨难中砥砺复兴力量（——中国抗击新冠肺炎疫情伟大斗争启示录）,2020年9月8日
700,全国抗击新冠肺炎疫情表彰大会8日上午在京隆重举行,2020年9月7日
701,同舟共济战“疫”记（——中国抗击新冠肺炎疫情全纪实）,2020年9月7日
702,统帅的号令 胜利的方向（——人民军队坚决落实习主席重要指示执行新冠肺炎疫情防控任务纪实）,2020年9月7日
703,同舟共济战“疫”记（——中国抗击新冠肺炎疫情全纪实）,2020年9月7日
704,同舟共济战“疫”记（——中国抗击新冠肺炎疫情全纪实）,2020年9月7日
705,疫情大考彰显中国效率（思想纵横）,2020年9月7日
706,共同应对新冠肺炎疫情造成的安全威胁,2020年9月4日
707,在抗击疫情中淬炼中国精神（思想纵横）,2020年9月4日
708,汽车观影 别样体验（患难见真情 共同抗疫情）,2020年9月2日
709,“让香港早日战胜疫情”,2020年9月2日
710,“期待学习借鉴中方抗疫经验”（患难见真情 共同抗疫情）,2020年9月1日
711,美国疫情蔓延凸显种族不平等问题（深度观察）,2020年8月31日
712,经合组织成员国第二季度经济大幅下降（专家呼吁在做好疫情防控的同时促进经济转型）,2020年8月31日
713,金砖国家拟加强数字化合作应对疫情挑战,2020年8月30日
714,全国抗击新冠肺炎疫情先进个人拟表彰对象,2020年8月28日
715,全国抗击新冠肺炎疫情先进个人拟表彰对象,2020年8月28日
716,全国抗击新冠肺炎疫情先进个人拟表彰对象,2020年8月28日
717,全国抗击新冠肺炎疫情先进个人拟表彰对象,2020年8月28日
718,全国抗击新冠肺炎疫情先进集体拟表彰对象,2020年8月28日
719,全国抗击新冠肺炎疫情先进集体拟表彰对象,2020年8月28日
720,在常态化疫情防控前提下，近三亿师生将集中返校，教育部要求—— 确保安全开学、正常开学、全面开学,2020年8月28日
721,关于抗击新冠肺炎疫情国家级表彰拟表彰对象的公示,2020年8月28日
722,全国抗击新冠肺炎疫情先进个人拟表彰对象,2020年8月28日
723,韩国加大疫情防控力度,2020年8月27日
724,支持疫情防控，保障基本民生—— “直达资金”惠企利民，效果逐步显现（权威发布）,2020年8月27日
725,美国新一轮疫情纾困计划僵局难解,2020年8月24日
726,“中国医生的专业素养和责任感让人放心”（患难见真情 共同抗疫情）,2020年8月24日
727,“深化合作有助于疫后非洲经济复苏”（患难见真情 共同抗疫情）,2020年8月22日
728,克服疫情灾情影响 确保如期全面脱贫,2020年8月22日
729,上门理发献爱心（患难见真情 共同抗疫情）,2020年8月21日
730,严阵以待防大汛（统筹做好疫情防控和防汛救灾工作）,2020年8月20日
731,加强抗疫合作 深化中阿友谊（患难见真情 共同抗疫情）,2020年8月20日
732,中方愿继续为阿塞拜疆抗击疫情提供力所能及的帮助,2020年8月19日
733,务实高效的中国答卷（患难见真情 共同抗疫情）,2020年8月19日
734,“终于又有演出机会了”（患难见真情 共同抗疫情）,2020年8月18日
735,疫情在新西兰最大城市奥克兰再次暴发 新西兰总理宣布推迟大选,2020年8月18日
736,三峡水库 为长江保安澜（统筹做好疫情防控和防汛救灾工作）,2020年8月17日
737,“携手合作，彰显真挚邻里情谊”（患难见真情 共同抗疫情）,2020年8月17日
738,美国专家学者反思疫情应对问题（深度观察）,2020年8月14日
739,秉持多边主义抗击疫情,2020年8月14日
740,中外专家视频研讨“新冠肺炎疫情防控中的健康权实现”,2020年8月14日
741,社区里的“故事大王”（患难见真情 共同抗疫情）,2020年8月13日
742,疫情对全球青年教育产生严重影响,2020年8月13日
743,授予在抗击新冠肺炎疫情斗争中作出杰出贡献的人士国家勋章和国家荣誉称号,2020年8月12日
744,人大常委会第二十一次会议在京闭幕（表决通过城市维护建设税法、契税法 通过关于授予在抗击新冠肺炎疫情斗争中作出杰出贡献的人士国家勋章和国家荣誉称号的决定 决定任命肖亚庆为工业和信息化部部长、胡和平为文化和旅游部部长习近平签署主席令栗战书主持会议）,2020年8月12日
745,释放巨大潜力 缓解疫情冲击 非洲自贸区建设助推经济复苏（国际视点）,2020年8月12日
746,中美洲和加勒比儿童面临极端天气和疫情双重威胁（微阅读）,2020年8月12日
747,“中国的帮助增强了我们抗疫信心”（患难见真情 共同抗疫情）,2020年8月12日
748,全国人民代表大会常务委员会关于授予在抗击新冠肺炎疫情斗争中作出杰出贡献的人士国家勋章和国家荣誉称号的决定,2020年8月12日
749,人大常委会第二十一次会议在京闭幕（表决通过城市维护建设税法、契税法 通过关于授予在抗击新冠肺炎疫情斗争中作出杰出贡献的人士国家勋章和国家荣誉称号的决定 决定任命肖亚庆为工业和信息化部部长、胡和平为文化和旅游部部长习近平签署主席令栗战书主持会议）,2020年8月12日
750,联合国呼吁增强土著人民应对疫情能力,2020年8月11日
751,越南采取措施应对疫情反弹,2020年8月11日
752,美国一项联合民调显示，约2/3的民众认为美国疫情应对情况不如其他国家 美疫情持续蔓延加剧民众担忧（深度观察）,2020年8月10日
753,拓展合作领域 助力经济发展（患难见真情 共同抗疫情）,2020年8月10日
754,日本多措并举应对疫情反弹,2020年8月7日
755,上半年减税降费超一点五万亿元（有效对冲疫情影响，支持市场主体纾困发展）,2020年8月7日
756,守正创新的生动实践（——全国中医界参与抗击疫情纪实）,2020年8月7日
757,百岁老人的“抗疫马拉松”（患难见真情 共同抗疫情）,2020年8月6日
758,疫情防控形势趋稳向好,2020年8月6日
759,送出爱心健康餐（患难见真情 共同抗疫情）,2020年8月5日
760,警惕疫情加剧学习机会不平等,2020年8月5日
761,新疆召开疫情防控新闻发布会 流调阶段性分析结果公布,2020年8月5日
762,不少国家和地区为应对疫情推迟选举,2020年8月5日
763,台风“黑格比”将登陆浙江（统筹做好疫情防控和防汛救灾工作）,2020年8月4日
764,南非努力减轻疫情影响,2020年8月4日
765,大连全面进行城乡疫情排查,2020年8月4日
766,面对疫情，中泰两国相互支持、共克时艰—— 携手应对挑战 推进务实合作（患难见真情 共同抗疫情）,2020年8月4日
767,雨林水果有了销路(患难见真情 共同抗疫情),2020年8月3日
768,采取长期应对措施防控疫情,2020年8月3日
769,更好统筹疫情防控和经济社会发展（经济新方位·下半年工作怎么干）,2020年8月3日
770,团结协作，合力防控疫情,2020年8月3日
771,乘势而上，巩固扩大疫情防控和经济恢复成果,2020年8月2日
772,新疆全力开展疫情防控,2020年8月2日
773,中拉携手抗疫生动诠释“天涯若比邻”(患难见真情 共同抗疫情),2020年8月1日
774,严防聚集性疫情 做好秋冬季防控工作,2020年8月1日
775,因疫情严重将香港特区第七届立法会选举推迟一年,2020年8月1日
776,国际航空业复苏前景不及预期（预计航空客运量最早要到二〇二四年才能恢复到疫情前水平）,2020年7月31日
777,患难见真情 共同抗疫情（——国际友好城市合作抗击疫情（下））,2020年7月31日
778,一手抓疫情防控 一手抓保供稳价,2020年7月31日
779,黄盖湖，我们一起守护（统筹做好疫情防控和防汛救灾工作）,2020年7月30日
780,调查显示，美国不同政治群体对于疫情存在明显认知差别和党派倾向。不少专家学者认为—— 美国政治极化阻碍疫情应对（深度观察）,2020年7月30日
781,纪录短片传递乐观和希望（患难见真情 共同抗疫情）,2020年7月30日
782,欧洲多国积极应对疫情反弹,2020年7月30日
783,淮河防汛 手段多有底气（统筹做好疫情防控和防汛救灾工作）,2020年7月29日
784,中美欧日韩知识产权五局聚焦应对疫情激励创新（微阅读）,2020年7月29日
785,毫不放松抓好常态化疫情防控 坚决防止疫情反弹,2020年7月29日
786,各地各部门抓紧抓实防汛救灾工作（统筹做好疫情防控和防汛救灾工作）,2020年7月28日
787,疫情防控期间教育不能停—— 巴西学生借助广播学习,2020年7月28日
788,“为抗击疫情赢得时间”（患难见真情 共同抗疫情）,2020年7月28日
789,中国防控疫情经验值得各国学习,2020年7月28日
790,王毅主持四国外长应对疫情视频会议,2020年7月28日
791,中央政府将为香港抗击疫情提供一切必要支持,2020年7月28日
792,福建自贸试验区新推36项制度创新成果（突出问题导向、技术赋能、疫情防控）,2020年7月28日
793,起诉妨害疫情防控犯罪四千五百余件,2020年7月27日
794,长江今年第三号洪水形成（统筹做好疫情防控和防汛救灾工作）,2020年7月27日
795,“我们对战胜疫情充满信心”（患难见真情 共同抗疫情）,2020年7月27日
796,患难见真情 共同抗疫情,2020年7月27日
797,科学处理好常态化疫情防控和发展的关系（人民要论）,2020年7月27日
798,孙春兰在新疆调研时强调以科学精准措施遏制疫情扩散 维护各族群众生命安全和身体健康,2020年7月26日
799,全国政协召开双周协商座谈会（围绕“完善重大疫情防控机制”协商议政 汪洋主持）,2020年7月25日
800,“中国援助增强了我们战胜疫情的信心”,2020年7月25日
801,守护生命和希望(患难见真情 共同抗疫情),2020年7月24日
802,联合国呼吁合作创新应对疫情挑战,2020年7月24日
803,中拉举行应对新冠肺炎疫情特别外长视频会议,2020年7月24日
804,中拉应对新冠肺炎疫情特别外长视频会议联合声明,2020年7月24日
805,监测及时精准 预警到户到人（统筹做好疫情防控和防汛救灾工作）,2020年7月23日
806,活跃在一线的泰国乡村医疗志愿者（患难见真情 共同抗疫情）,2020年7月23日
807,美国新冠肺炎疫情不断升级,2020年7月23日
808,王毅将主持中拉应对新冠肺炎疫情特别外长视频会议,2020年7月23日
809,北京新发地疫情阻击战的十个瞬间,2020年7月22日
810,纳瓦罗关于新冠肺炎疫情的涉华谎言与事实真相,2020年7月22日
811,纳瓦罗关于新冠肺炎疫情的涉华谎言与事实真相,2020年7月22日
812,北京新发地疫情阻击战的十个瞬间,2020年7月22日
813,全力抢险救援 妥善安置群众（统筹做好疫情防控和防汛救灾工作）,2020年7月22日
814,蓄泄兼顾 做好淮河汛情防控（统筹做好疫情防控和防汛救灾工作）,2020年7月21日
815,日本新冠肺炎疫情有所反弹,2020年7月21日
816,团结合作的声音更响亮（和音）（——抗击疫情离不开命运共同体意识（52））,2020年7月21日
817,“团结抗疫才能共克时艰”（患难见真情 共同抗疫情）,2020年7月21日
818,新西兰中国商业峰会探讨后疫情时代中新关系发展,2020年7月21日
819,与洪峰赛跑 每一步都要抢在前面（统筹做好疫情防控和防汛救灾工作）,2020年7月20日
820,中国—东盟农业合作前景广阔（患难见真情 共同抗疫情）,2020年7月20日
821,新冠肺炎疫情加剧人道主义危机,2020年7月20日
822,凝聚力量 齐心战疫（——各地新时代文明实践中心在疫情防控中发挥积极作用纪实）,2020年7月19日
823,凝聚力量 齐心战疫（——各地新时代文明实践中心在疫情防控中发挥积极作用纪实）,2020年7月19日
824,统筹推进疫情防控和经济社会发展成效显著 二季度经济增长3.2%（新数据 新看点）,2020年7月17日
825,患难见真情 共同抗疫情（——国际友好城市合作抗击疫情（上））,2020年7月17日
826,“为中国企业的技术实力和敬业精神点赞”（患难见真情 共同抗疫情）,2020年7月17日
827,发扬“甘榜精神” 携手抗击疫情（大使随笔）,2020年7月17日
828,雨带将北移，北方防汛怎么干？（统筹做好疫情防控和防汛救灾工作）,2020年7月16日
829,美国疫情蔓延加剧社会民生问题(深度观察),2020年7月16日
830,在大地上铺出一片蓝天（患难见真情 共同抗疫情）,2020年7月16日
831,在疫情防控中更好传播中国声音（新知新觉）,2020年7月16日
832,科学调度 确保平稳安全度汛（统筹做好疫情防控和防汛救灾工作）,2020年7月15日
833,做好疫情防控工作前提下 跨省团队游可有条件恢复,2020年7月15日
834,加强团结合作 尊重保障人权（——“全球疫情防控与人权保障”系列国际视频研讨会综述）,2020年7月15日
835,及时转移 有效避险（统筹做好疫情防控和防汛救灾工作）,2020年7月14日
836,新冠肺炎疫情或致全球近千万儿童永久失学,2020年7月14日
837,患难见真情 共同抗疫情,2020年7月14日
838,中阿合作抗疫携手打造命运共同体（患难见真情 共同抗疫情）,2020年7月14日
839,大湖如何防大汛（统筹做好疫情防控和防汛救灾工作）,2020年7月13日
840,受疫情影响赛事取消 温网将向620位入围球员发放奖金,2020年7月13日
841,美国疫情反弹影响经济复苏,2020年7月13日
842,壁画传递战胜疫情的信心(全球抗疫进行时),2020年7月13日
843,“展现中国企业的责任担当”（患难见真情 共同抗疫情）,2020年7月13日
844,北京新发地市场疫情得到有效控制,2020年7月12日
845,“守望相助的友好情谊令人感动”（患难见真情 共同抗疫情）,2020年7月12日
846,深化友谊 共创未来（——“新冠肺炎疫情下中国与中东合作”线上论坛侧记）,2020年7月12日
847,在抗洪抢险一线，在重大灾害现场，在抗击疫情前沿，年轻的消防指战员们—— 赴汤蹈火 淬炼青春（青春派·青春奋进新时代（18））,2020年7月12日
848,为统筹疫情防控和经济社会发展提供能源支撑 有力保障国家能源安全（新知新觉）,2020年7月10日
849,中阿加强数字化合作（患难见真情 共同抗疫情）,2020年7月9日
850,在疫情大考中激活治理智慧(一线行走),2020年7月8日
851,强降雨持续 抢险救灾有力开展（统筹做好疫情防控和防汛救灾工作）,2020年7月8日
852,全球旅游业因疫情损失至少1.2万亿美元（微阅读）,2020年7月8日
853,美国会预测2030年美失业率仍高于疫情前（微阅读）,2020年7月8日
854,志合者，不以山海为远（和音）（——抗击疫情离不开命运共同体意识（51））,2020年7月8日
855,中国和阿拉伯国家团结抗击新冠肺炎疫情联合声明,2020年7月8日
856,加强汛情监测 及时排查隐患（统筹做好疫情防控和防汛救灾工作）,2020年7月7日
857,北京全力做好高考各项保障（将有49225名考生参加高考；132个考点配副主考，负责疫情防控和突发情况处置）,2020年7月7日
858,“云端”探索中非合作新商机（患难见真情 共同抗疫情）,2020年7月7日
859,更好统筹疫情防控和经济社会发展（人民要论）,2020年7月7日
860,携手抗击疫情是各国共同责任,2020年7月7日
861,重开外部边界 防止疫情反弹 欧洲多国进一步“解封”（国际视点）,2020年7月6日
862,从疫情防控看美式平等的虚伪性,2020年7月6日
863,北京疫情高风险地区陆续降级,2020年7月6日
864,近千名中国援非医疗队员积极支持当地抗击疫情—— “非中友好故事一直在延续”（患难见真情 共同抗疫情）,2020年7月6日
865,网上夏令营、云游侨博馆、云端音乐会……新冠肺炎疫情防控期间，全球各地的华侨华人—— 相聚云端 凝聚侨力（侨界传真）,2020年7月5日
866,加强防范农贸市场疫情风险（国务院联防联控机制发布会）,2020年7月4日
867,共抗疫情 同担风雨（中外合作抗疫故事）,2020年7月3日
868,疫情防控中，如何缓解临床用血短缺？ 进一步提升无偿献血的服务质量（健康焦点）,2020年7月3日
869,安理会通过新冠肺炎疫情决议是多边主义的胜利,2020年7月3日
870,疫情加速蔓延凸显全球团结抗疫重要性（国际视点）,2020年7月2日
871,前4月支持疫情防控和经济社会发展新增减税降费4857亿元 放水养鱼，激发市场主体活力（经济新方位·中小企业闯关记⑧）,2020年7月2日
872,做好新闻发布，助力疫情防控,2020年7月2日
873,有效应对疫情冲击，绍兴1至5月规上工业增加值实现正增长 营商环境好 企业有活力（产经观察）,2020年7月1日
874,筑牢疫情防控和高考安全防线,2020年7月1日
875,中欧班列助力西班牙复工复产（患难见真情 共同抗疫情）,2020年7月1日
876,克服疫情影响 决战脱贫攻坚（声音）,2020年7月1日
877,普京呼吁各方联手协作抗击疫情,2020年6月30日
878,发挥金融优势 促进互利共赢（患难见真情 共同抗疫情）,2020年6月30日
879,美国应对疫情表现既让人费解，也令人深思,2020年6月30日
880,基层党组织和党员在新冠肺炎疫情防控中发挥突出作用 党旗在抗疫一线高高飘扬,2020年6月30日
881,促进农业生产，共同维护粮食安全（记者观察）（粮食安全，事关人类社会健康发展。应对突如其来的新冠肺炎疫情，世界各国纷纷出台措施，促进农业稳定发展）,2020年6月29日
882,“共抗疫情，非中友谊更稳固”（患难见真情 共同抗疫情）,2020年6月29日
883,北京疫情防控毫不放松,2020年6月27日
884,“非中携手抗疫、共克时艰的体现”（患难见真情 共同抗疫情）,2020年6月27日
885,“云端”修动车（患难见真情 共同抗疫情）,2020年6月26日
886,新发地疫情特点初步摸清 北京部署端午假期疫情防控,2020年6月25日
887,推动中欧关系更加稳健成熟(和音)（——抗击疫情离不开命运共同体意识（50））,2020年6月25日
888,严格落实“四早”措施 坚决防止疫情扩散蔓延,2020年6月24日
889,携手抗疫 并肩同行（和音）（——抗击疫情离不开命运共同体意识(49)）,2020年6月24日
890,艺术抗疫 国韵流芳（患难见真情 共同抗疫情）,2020年6月24日
891,北京继续织密疫情防控网 夯实关键环节 压实主体责任,2020年6月23日
892,促进互联互通 坚持开放包容（和音）（——抗击疫情离不开命运共同体意识(48)）,2020年6月23日
893,“传递共同战胜疫情的信心”,2020年6月23日
894,为战胜疫情作出“中阿贡献”,2020年6月22日
895,患难见真情 共同抗疫情,2020年6月22日
896,相互支持 合作共赢（和音）（——抗击疫情离不开命运共同体意识(47)）,2020年6月22日
897,“为我们战胜疫情增添信心”（患难见真情 共同抗疫情）,2020年6月22日
898,“为抗疫合作搭建桥梁”（患难见真情 共同抗疫情）,2020年6月22日
899,团结在多边主义旗帜下（和音）（——抗击疫情离不开命运共同体意识（46））,2020年6月21日
900,北京多措并举筑牢疫情防控网,2020年6月21日
901,疫情防控常态化下的大学担当（凭栏处）,2020年6月21日
902,“合抱之手”书写大义（和音）（——抗击疫情离不开命运共同体意识（45））,2020年6月20日
903,北京更高标准争分夺秒控疫情,2020年6月20日
904,“团结是宝贵的财富”（患难见真情 共同抗疫情）,2020年6月19日
905,患难见真情 共同抗疫情,2020年6月19日
906,坚定不移携手抗击疫情,2020年6月19日
907,共同打造中非卫生健康共同体（和音）（——抗击疫情离不开命运共同体意识（44））,2020年6月19日
908,指导湖北做好应急响应级别调降后常态化疫情防控,2020年6月19日
909,习近平主持中非团结抗疫特别峰会并发表主旨讲话（指出中非经受疫情严峻考验，友好互信更加巩固，强调中非要坚定不移携手抗击疫情、推进中非合作、践行多边主义、推进中非友好，共同打造中非卫生健康共同体，推进中非全面战略合作伙伴关系高水平发展 王沪宁出席）,2020年6月18日
910,团结合作 共抗疫情,2020年6月18日
911,北京全面严格落实二级防控措施（目前确诊病例主要集中在花乡地区，综合分析全市疫情还处于上升期）,2020年6月18日
912,疫情面前 团结一心（中外合作抗疫故事）,2020年6月17日
913,中国代表介绍核技术应用防控疫情经验,2020年6月17日
914,患难见真情 共同抗疫情,2020年6月17日
915,共克时艰，构建更加紧密的中非命运共同体（患难见真情 共同抗疫情）,2020年6月17日
916,同非洲兄弟姐妹坚定站在一起（和音）（——抗击疫情离不开命运共同体意识（43））,2020年6月17日
917,中国有足够能力应对最新疫情,2020年6月17日
918,依法妥善审理涉疫情民事案件,2020年6月17日
919,我国制度优势在抗击疫情中的力量彰显（人民要论）,2020年6月17日
920,总结疫情防控中的有效做法 继续发挥“智慧党建”的积极作用（有的放矢）,2020年6月17日
921,患难见真情 共同抗疫情,2020年6月16日
922,北京以最坚决措施努力阻断疫情传播,2020年6月16日
923,“积极借鉴中方宝贵经验”（患难见真情 共同抗疫情）,2020年6月16日
924,上合组织驻华使节为抗击疫情题写寄语,2020年6月16日
925,疫情挡不住发展的脚步,2020年6月16日
926,患难见真情 共同抗疫情,2020年6月15日
927,采取坚决果断措施 遏制北京聚集性疫情扩散蔓延,2020年6月15日
928,北京全力遏制疫情扩散蔓延,2020年6月15日
929,加强科研合作 团结战胜疫情（患难见真情 共同抗疫情）,2020年6月15日
930,民间力量传递跨越国界的大爱（和音）（——抗击疫情离不开命运共同体意识（42））,2020年6月15日
931,新冠肺炎疫情发生以来，海外中企的责任与担当赢得当地广泛赞誉—— “在困难的时候，中国朋友帮助了我们”（患难见真情 共同抗疫情）,2020年6月14日
932,中国对厄抗击疫情发挥重要作用,2020年6月14日
933,检查指导湖北文旅业疫情防控复工复产,2020年6月13日
934,搭建合作渠道，推动全球经济走向复苏（患难见真情 共同抗疫情）,2020年6月13日
935,患难见真情 共同抗疫情（确保员工健康安全，积极履行社会责任，帮助当地民众共渡难关……共建一带一路项目成为沿线国家和地区实现更好发展的重要助力，也让员工对疫情之后的生活和个人发展充满信心）,2020年6月12日
936,担当道义，力促团结合作（钟声）（——瞩目抗击新冠肺炎疫情的中国行动④）,2020年6月12日
937,中拉携手 共抗疫情（患难见真情 共同抗疫情）,2020年6月12日
938,科学应对疫情对脱贫攻坚的冲击（新论）,2020年6月12日
939,新冠肺炎疫情凸显“美式人权”危机,2020年6月12日
940,疫情照鉴“美式人权”的实质,2020年6月12日
941,疫情防控展示文化的强大力量（思想纵横）,2020年6月12日
942,外国媒体积极评价抗击疫情的中国行动（患难见真情 共同抗疫情）,2020年6月11日
943,凝聚合力，坚持人民至上（钟声）（——瞩目抗击新冠肺炎疫情的中国行动③）,2020年6月11日
944,团结合作是战胜疫情最有力的武器 构建人类卫生健康共同体（有的放矢）,2020年6月11日
945,患难见真情 共同抗疫情（坚持人民至上、生命至上，中国人民通过艰苦卓绝的努力，疫情防控阻击战取得重大战略成果。同时，中国秉持人类命运共同体理念，密切同世界卫生组织和相关国家的抗疫合作，体现了负责任大国担当，赢得国际社会的普遍赞誉）,2020年6月10日
946,科学精准做好常态化疫情防控工作,2020年6月10日
947,坚持多边主义 团结应对疫情（患难见真情 共同抗疫情）,2020年6月10日
948,协同作战，诠释生命至上（钟声）（——瞩目抗击新冠肺炎疫情的中国行动②）,2020年6月10日
949,书写人民至上的中国答卷（——专家解读《抗击新冠肺炎疫情的中国行动》白皮书）,2020年6月10日
950,长沙提高疫情防控期间兜底保障水平—— 帮扶上门，为群众解困,2020年6月10日
951,疫情防控彰显深厚文化底蕴（思想纵横）,2020年6月10日
952,“一起努力，战胜疫情”（全球抗疫进行时）,2020年6月9日
953,患难见真情 共同抗疫情,2020年6月9日
954,加强合作，共同维护全球公共卫生安全（患难见真情 共同抗疫情）,2020年6月9日
955,艰辛历程，彰显伟大力量（钟声）（——瞩目抗击新冠肺炎疫情的中国行动①）,2020年6月9日
956,“我们必须合力抗击疫情”,2020年6月9日
957,四川 服务业加速转型（经济聚焦）（通过援企稳岗、刺激消费等对冲疫情影响，加快行业恢复振兴）,2020年6月9日
958,骗取疫情防控税收优惠，违法！ 1859户违法企业被立案检查,2020年6月9日
959,《抗击新冠肺炎疫情的中国行动》白皮书发布,2020年6月8日
960,中国抗击疫情伟大斗争的真实叙事,2020年6月8日
961,抗击新冠肺炎疫情的中国行动,2020年6月8日
962,抗击新冠肺炎疫情的中国行动,2020年6月8日
963,抗击新冠肺炎疫情的中国行动,2020年6月8日
964,抗击新冠肺炎疫情的中国行动,2020年6月8日
965,患难见真情 共同抗疫情,2020年6月8日
966,《抗击新冠肺炎疫情的中国行动》白皮书发布会举行—— “中国答卷”经得起历史检验,2020年6月8日
967,当为世界经济稳定多作贡献（和音）（——抗击疫情离不开命运共同体意识(41)）,2020年6月8日
968,塞中铁杆情谊更加坚不可摧（患难见真情 共同抗疫情）,2020年6月8日
969,支持中小微企业克服疫情影响（新论）,2020年6月8日
970,东盟与中日韩抗击新冠肺炎疫情经贸部长特别视频会议举行,2020年6月7日
971,“绝不让脱贫群众因疫情返贫”,2020年6月7日
972,《抗击新冠肺炎疫情的中国行动》白皮书将发布,2020年6月6日
973,借疫情搞污名化不得人心,2020年6月6日
974,李克强主持召开中央应对新冠肺炎疫情工作领导小组会议 要求提升能力精准做好常态化防控 进一步加强疫苗药物和检测试剂研发工作,2020年6月5日
975,“坚守承诺 履行责任”（患难见真情 共同抗疫情）,2020年6月5日
976,患难见真情 共同抗疫情,2020年6月5日
977,慎终如始做好疫情防控（一线视角）,2020年6月5日
978,从历史中汲取抗击疫情的智慧和力量（大家手笔）,2020年6月5日
979,团结互助 传承中非友好（患难见真情 共同抗疫情）,2020年6月4日
980,苏丹欢迎中国医疗专家组协助抗击疫情,2020年6月4日
981,扛起团结抗击疫情的历史重任（和音）（——抗击疫情离不开命运共同体意识(40)）,2020年6月4日
982,科学家呼吁加强抗击新冠肺炎疫情国际科技合作—— 携手共建人类卫生健康共同体,2020年6月3日
983,团结合作是战胜疫情的唯一途径（观点摘编）,2020年6月3日
984,抗击疫情需要强大领导力（观点摘编）,2020年6月3日
985,“战胜疫情需要全球合作”,2020年6月3日
986,全球超过1/6青年因新冠肺炎疫情停止工作（微阅读）,2020年6月3日
987,疫情考验埃及经济韧性,2020年6月3日
988,“感谢中国医生的帮助”（患难见真情 共同抗疫情）,2020年6月3日
989,控制住疫情才是“硬道理”（人民论坛）,2020年6月3日
990,在疫情防控中主动作为 发挥高校在科研攻关中的积极作用（治理之道）,2020年6月3日
991,孙春兰在北京调研强调统筹抓好疫情防控和复学复课 让每个孩子健康快乐成长,2020年6月2日
992,“感谢中欧班列万里驰援”（患难见真情 共同抗疫情）,2020年6月1日
993,就抗击新冠肺炎疫情合作 习近平同秘鲁总统比斯卡拉互致信函,2020年5月30日
994,调研督导湖北省常态化疫情防控和复工复产工作,2020年5月29日
995,患难见真情 共同抗疫情,2020年5月29日
996,代表委员谈巩固疫情防控成果 时刻绷紧疫情防控这根弦,2020年5月28日
997,在常态化疫情防控前提下扎实推进军队各项工作 坚决实现国防和军队建设2020年目标任务,2020年5月27日
998,就新冠疫情在美国法院滥诉中国政府—— 彻头彻尾的违反国际法行为,2020年5月27日
999,美国国会涉疫情议案是典型的政治操弄,2020年5月27日
1000,华侨城统筹抓好疫情防控和生产经营,2020年5月26日
1001,疫情暴露美国民主实质（人民论坛）,2020年5月26日
1002,“甩锅”中国纯属自欺欺人（——多名全国政协委员评美国涉疫情反华议案）,2020年5月26日
1003,汉口银行 金融活水促发展 勇担使命战疫情,2020年5月25日
1004,“祖国永远是我们最坚强后盾”（患难见真情 共同抗疫情）,2020年5月25日
1005,习近平总书记参加湖北代表团审议时的重要讲话，增强了代表委员防范化解重大疫情和突发公共卫生风险的责任感和紧迫感—— 坚持生命至上 守护人民健康(两会聚焦),2020年5月25日
1006,患难见真情 共同抗疫情,2020年5月24日
1007,全面贯彻落实党中央决策部署 夺取疫情防控和经济社会发展新胜利,2020年5月23日
1008,彰显家国情怀 汇聚人间大爱（——广大共产党员自愿捐款支持疫情防控工作）,2020年5月22日
1009,战疫情 强科技 护民生(连线·委员通道),2020年5月22日
1010,彰显家国情怀 汇聚人间大爱（——广大共产党员自愿捐款支持疫情防控工作）,2020年5月22日
1011,“凝聚共同战疫的力量”（患难见真情 共同抗疫情）,2020年5月22日
1012,李克强主持召开中央应对新冠肺炎疫情工作领导小组会议 要求突出重点做好常态化防控 防止疫情反弹 推广“五一”假期防控有效做法 推动生产生活秩序全面恢复,2020年5月21日
1013,统筹推进疫情防控和经济社会发展工作（两会·声音2020）,2020年5月21日
1014,当前，我国疫情防控进入常态化，如何进一步提升社会治理效能？代表委员纷纷建言献策—— 让社会生机勃勃井然有序（两会热议）,2020年5月21日
1015,“中国在国际抗疫合作中发挥重要作用”（患难见真情 共同抗疫情）（——访世界卫生组织新冠肺炎疫情防控特使纳巴罗）,2020年5月21日
1016,中国与世卫组织联合启动公益筹款项目共抗疫情,2020年5月21日
1017,李克强主持召开中央应对新冠肺炎疫情工作领导小组会议 要求突出重点做好常态化防控 防止疫情反弹 推广“五一”假期防控有效做法 推动生产生活秩序全面恢复,2020年5月21日
1018,最高法介绍审理涉疫情民商事案件情况 统一裁判尺度 稳定合理预期（权威发布）,2020年5月20日
1019,交通银行坚持疫情防控和脱贫攻坚两手抓、双胜利,2020年5月20日
1020,汇聚起同疫情斗争的磅礴之力,2020年5月20日
1021,为团结合作抗疫贡献中国力量（和音）（——抗击疫情离不开命运共同体意识（39））,2020年5月20日
1022,习近平在第73届世界卫生大会视频会议开幕式上致辞（强调中国坚持以民为本、生命至上，始终秉持人类命运共同体理念，既对本国人民生命安全和身体健康负责，也对全球公共卫生事业尽责 提出加强疫情防控建议，宣布推进全球抗疫合作实际举措，呼吁构建人类卫生健康共同体）,2020年5月19日
1023,以人类命运共同体理念促进全球抗疫合作（——外国政党政要和学者呼吁国际社会加强团结应对疫情）,2020年5月19日
1024,患难见真情 共同抗疫情,2020年5月19日
1025,团结合作战胜疫情 共同构建人类卫生健康共同体,2020年5月19日
1026,中国民间力量助力全球抗疫合作（患难见真情 共同抗疫情）,2020年5月19日
1027,抗击疫情，我们必须相互支持（国际论坛）,2020年5月19日
1028,口岸城市加强疫情监控 守好国门 严防输入（国务院联防联控机制发布会）,2020年5月19日
1029,风雨无阻向前进（——写在全国疫情防控阻击战取得重大战略成果之际）,2020年5月18日
1030,新冠肺炎疫情凸显美国的种族不平等,2020年5月18日
1031,风雨无阻向前进（——写在全国疫情防控阻击战取得重大战略成果之际）,2020年5月18日
1032,“这是难能可贵的友谊”（患难见真情 共同抗疫情）,2020年5月18日
1033,风雨无阻向前进（——写在全国疫情防控阻击战取得重大战略成果之际）,2020年5月18日
1034,全球团结抗疫是当务之急（和音）（——抗击疫情离不开命运共同体意识（38））,2020年5月18日
1035,民航单日飞行班次超万（恢复至疫情前约六成）,2020年5月17日
1036,再排查再加固再落实 坚决防止疫情新燃点,2020年5月17日
1037,“中国高效治理能力的体现”（患难见真情 共同抗疫情）,2020年5月17日
1038,“为全球抗疫作出重要贡献”（患难见真情 共同抗疫情）,2020年5月17日
1039,阿中合作民意基础更加坚实（患难见真情 共同抗疫情）,2020年5月17日
1040,李克强主持召开中央应对新冠肺炎疫情工作领导小组会议 要求加强指导协调动态抓好重点地区防控 适应形势变化有针对性完善常态化防控措施,2020年5月16日
1041,李克强主持召开中央应对新冠肺炎疫情工作领导小组会议 要求加强指导协调动态抓好重点地区防控 适应形势变化有针对性完善常态化防控措施,2020年5月16日
1042,共建一带一路 推动区域发展（患难见真情 共同抗疫情）,2020年5月16日
1043,俄副外长称美国就疫情指责中国毫无根据,2020年5月16日
1044,中共中央政治局常务委员会召开会议（分析国内外新冠肺炎疫情防控形势 研究部署抓好常态化疫情防控措施落地见效 研究提升产业链供应链稳定性和竞争力 中共中央总书记习近平主持会议）,2020年5月15日
1045,中国同太平洋岛国举行应对疫情副外长级特别会议,2020年5月15日
1046,重庆万州努力克服疫情影响，一季度农业增加值上涨3.5% 满坡荒变成漫山绿,2020年5月15日
1047,顺应市场规律才能助力发展（和音）（——抗击疫情需要命运共同体意识（37））,2020年5月15日
1048,“具有巨大潜力的物流新平台”（患难见真情 共同抗疫情）,2020年5月15日
1049,“守望相助的友好情谊”（患难见真情 共同抗疫情）,2020年5月15日
1050,“感谢中国朋友的真诚支持”（患难见真情 共同抗疫情）,2020年5月15日
1051,图片报道（患难见真情 共同抗疫情）,2020年5月15日
1052,合作抗击疫情 共建健康丝路（大使随笔）,2020年5月15日
1053,贡献媒体力量，建设更美好世界（患难见真情 共同抗疫情）,2020年5月14日
1054,中国和加勒比建交国举行应对疫情副外长级特别会议,2020年5月14日
1055,全国政协提案委员会已收到近300件涉及疫情防控工作提案,2020年5月14日
1056,散发病例引起聚集性疫情风险不容忽视（国务院联防联控机制发布会）,2020年5月14日
1057,为常态化疫情防控提供有力法治保障（有的放矢）,2020年5月14日
1058,疫情防控期间，TCL华星不停工、无感染，并首次成为全球第一大液晶电视面板供应商 这家企业凭啥逆势拿第一（新视点）,2020年5月13日
1059,“共同打造埃中经贸合作示范性平台”（患难见真情 共同抗疫情）,2020年5月13日
1060,《众志成城 抗击疫情》邮票首发,2020年5月12日
1061,“我们一定可以战胜疫情”（中外合作抗疫故事）,2020年5月12日
1062,世界体坛积极应对疫情，共同面对困难 让体育精神更加闪耀,2020年5月12日
1063,厦门大学上好疫情防控“思政大课” 为战疫贡献青春力量（在一线）,2020年5月12日
1064,患难见真情 共同抗疫情,2020年5月12日
1065,大战大考中，全国各地在疫情防控和复工复产一线成立临时党组织 在最前线汇聚起攻坚克难的强大战斗力（深度关注）,2020年5月12日
1066,“我们对中国经济充满信心”（患难见真情 共同抗疫情）,2020年5月12日
1067,以科学和团结精神抗击疫情（国际论坛）,2020年5月12日
1068,央企积极运用先进技术支持疫情防控和复工复产 科技抗疫显威力,2020年5月12日
1069,缅甸国防军宣布停火以应对疫情,2020年5月11日
1070,患难见真情 共同抗疫情,2020年5月11日
1071,守望与祝福，写入难忘青春记忆（患难见真情 共同抗疫情）,2020年5月11日
1072,当用正确钥匙解答国际秩序问题（和音）（——抗击疫情离不开命运共同体意识（36））,2020年5月11日
1073,世卫组织强调团结应对新冠肺炎疫情,2020年5月11日
1074,将疫情对“三农”影响降到最低（新论）,2020年5月11日
1075,美国关于新冠肺炎疫情的涉华谎言与事实真相,2020年5月10日
1076,美国关于新冠肺炎疫情的涉华谎言与事实真相,2020年5月10日
1077,抗疫情 助脱贫 显担当,2020年5月10日
1078,小小一杯奶 浓浓战疫情,2020年5月10日
1079,就新冠肺炎疫情防控工作听取意见和建议 中共中央召开党外人士座谈会,2020年5月9日
1080,“中国技术增强了我们战胜疫情的信心”（患难见真情 共同抗疫情）,2020年5月6日
1081,“不让疫情影响工程总体交付”（奋斗在复工一线）,2020年5月6日
1082,以更大政策力度对冲疫情影响（评论员观察）,2020年5月6日
1083,“团结合作是战胜疫情最有力武器”（患难见真情 共同抗疫情）,2020年5月5日
1084,“中国经济体现出强大韧性”(患难见真情 共同抗疫情),2020年5月4日
1085,“抗击疫情，中国文化中心和我们在一起”（患难见真情 共同抗疫情）,2020年5月3日
1086,法国疫情由本地流传病毒毒株引发,2020年5月3日
1087,“我们与中国建设者携手共克时艰”（患难见真情 共同抗疫情）,2020年5月2日
1088,为世界经济注入宝贵信心和动力（和音）（——抗击疫情离不开命运共同体意识（34））,2020年5月2日
1089,“新冠肺炎疫情和全球格局演变”研讨会举行,2020年5月2日
1090,李克强主持召开中央应对新冠肺炎疫情工作领导小组会议 部署突出重点落实常态化防控措施 周密做好“五一”假期防控工作 有力保障经济社会秩序有序恢复,2020年5月1日
1091,“只有共同努力，才能战胜疫情”(患难见真情 共同抗疫情),2020年5月1日
1092,“中国抗疫经验非常值得借鉴”(患难见真情 共同抗疫情),2020年5月1日
1093,联合国首个全球人道主义应急枢纽在华启动(患难见真情 共同抗疫情),2020年5月1日
1094,图片报道(患难见真情 共同抗疫情),2020年5月1日
1095,“我想成为像他们那样的共产党员”（让党旗在防控疫情斗争第一线高高飘扬）,2020年5月1日
1096,李克强主持召开中央应对新冠肺炎疫情工作领导小组会议 部署突出重点落实常态化防控措施 周密做好“五一” 假期防控工作 有力保障经济社会秩序有序恢复,2020年5月1日
1097,中共中央政治局常务委员会召开会议（分析国内外新冠肺炎疫情防控形势 研究部署完善常态化疫情防控举措 研究确定支持湖北省经济社会发展一揽子政策　中共中央总书记习近平主持会议）,2020年4月30日
1098,电视专题片《为了人民——人民军队支援地方疫情防控纪实》即将播出,2020年4月30日
1099,新西兰下调疫情警戒等级,2020年4月30日
1100,印尼出台举措应对疫情冲击,2020年4月30日
1101,非洲政党政要表示抗疫合作让中非友谊更加牢固（患难见真情 共同抗疫情）,2020年4月30日
1102,在疫情防控中用好“枫桥经验”（中国道路中国梦）,2020年4月30日
1103,湖北为经济发展备足金融粮草（来自疫情防控一线的报道）,2020年4月29日
1104,“继续支持世卫组织抗击疫情的努力”,2020年4月29日
1105,疫情期间应确保常规疫苗接种,2020年4月29日
1106,患难见真情 共同抗疫情,2020年4月29日
1107,中医药助力各国抗疫（患难见真情 共同抗疫情）,2020年4月29日
1108,王毅出席金砖国家应对新冠肺炎疫情特别外长会,2020年4月29日
1109,湖北为经济发展备足金融粮草（来自疫情防控一线的报道）,2020年4月29日
1110,助力疫情防控 推动复工复产 彰显中国特色社会保障体系优势（新知新觉）,2020年4月29日
1111,“面对疫情要保持团结，不要分裂”,2020年4月28日
1112,疫情加剧拉美经济长期风险,2020年4月28日
1113,疫情将导致今年能源和金属价格大幅下跌（微阅读）,2020年4月28日
1114,海陆空全方位防控境外疫情输入（国务院联防联控机制发布会）,2020年4月28日
1115,“我们的海岸带变了模样”（患难见真情 共同抗疫情）,2020年4月28日
1116,王毅将出席金砖国家应对新冠肺炎疫情特别外长会,2020年4月28日
1117,“以开放合作的共同行动战胜疫情”,2020年4月28日
1118,在常态化疫情防控中促进经济向好发展（人民要论）,2020年4月28日
1119,中国在抗击新冠肺炎疫情中保障人权,2020年4月27日
1120,“团结起来，定能战胜疫情”(全球抗疫进行时),2020年4月27日
1121,美国多地启动疫情传播情况调查,2020年4月27日
1122,患难见真情 共同抗疫情,2020年4月27日
1123,中欧班列为国际抗疫合作提供物流保障（患难见真情 共同抗疫情）,2020年4月27日
1124,在抗击疫情中展现中国精神（人民要论）,2020年4月27日
1125,中国精神在疫情防控中熠熠生辉（思想纵横）,2020年4月27日
1126,赶订单 干劲足（来自疫情防控一线的报道）,2020年4月26日
1127,中国企业帮助非洲国家抗击疫情（患难见真情 共同抗疫情）,2020年4月26日
1128,万里尚为邻 相助无远近（患难见真情 共同抗疫情）,2020年4月25日
1129,“为我们增强了战胜疫情的能力和信心”,2020年4月25日
1130,非洲积极应对疫情挑战（国际视点）,2020年4月24日
1131,借疫情污名化中国，于法不容,2020年4月24日
1132,欧美航空业受疫情冲击陷入困境,2020年4月24日
1133,持续加强常态化疫情防控 全面推进复工复产达产,2020年4月24日
1134,“传递携手抗疫的坚定信心”（患难见真情 共同抗疫情）,2020年4月24日
1135,必须让多边合作的轮子转起来（和音）（——抗击疫情离不开命运共同体意识(33)）,2020年4月24日
1136,“让更多人增强战胜疫情的信心”,2020年4月24日
1137,面对疫情，多家企业积极响应号召—— 抗疫动起来 复工忙起来,2020年4月24日
1138,李克强主持召开中央应对新冠肺炎疫情工作领导小组会议 部署调整完善重点地区防控举措 着力提升检测能力尽力扩大检测范围 在常态化防控条件下推动经济社会秩序加快恢复,2020年4月23日
1139,降低疫情对中小微企业的影响（履职故事）,2020年4月23日
1140,共同维护各国人民健康福祉（患难见真情 共同抗疫情）,2020年4月23日
1141,公安机关依法打击制假售假犯罪（疫情发生以来查扣假劣口罩4800余万只）,2020年4月23日
1142,深刻认识疫情防控这次大考（人民要论）,2020年4月23日
1143,确保社区成为疫情防控坚强堡垒 把社区这道疫情防线守严守牢（有的放矢）,2020年4月23日
1144,精准监督 凝聚抗疫合力（——各级纪检监察机关以监督实效保障疫情防控工作）,2020年4月22日
1145,紧紧围绕统筹疫情防控和经济社会 发展决策部署跟进监督保障落实,2020年4月22日
1146,患难见真情 共同抗疫情（新冠肺炎疫情给全球公共卫生安全带来巨大挑战。中国驻外使领馆为抗疫物资采购提供便利，联系派遣医疗专家组，协调组织视频交流会，与驻在国交流抗疫经验，凝聚起战胜疫情的强大合力）,2020年4月22日
1147,落实疫情防护措施，建立员工健康信息台账 家政服务业有序复工复产（消费万花筒）,2020年4月22日
1148,以更大力度宏观政策对冲疫情影响（经济新方位）,2020年4月22日
1149,“诠释老中守望相助、共同抗疫的生动实践”（患难见真情 共同抗疫情）,2020年4月22日
1150,塞尔维亚首座“火眼”病毒检测实验室落成（患难见真情 共同抗疫情）,2020年4月22日
1151,“合作才是相处之道”（患难见真情 共同抗疫情）,2020年4月22日
1152,图片报道（患难见真情 共同抗疫情）,2020年4月22日
1153,中国赴吉尔吉斯斯坦联合工作组抵达比什凯克（患难见真情 共同抗疫情）,2020年4月22日
1154,中国迅速遏制疫情为其他国家树立榜样（患难见真情 共同抗疫情）,2020年4月22日
1155,紧紧围绕统筹疫情防控和经济社会 发展决策部署跟进监督保障落实,2020年4月22日
1156,精准监督 凝聚抗疫合力（——各级纪检监察机关以监督实效保障疫情防控工作）,2020年4月22日
1157,最高法出台审理涉疫情民事案件意见 坚持调解优先 引导共渡难关,2020年4月21日
1158,疫情导致多国推迟难民接收计划,2020年4月21日
1159,德国机械制造业明显受疫情冲击,2020年4月21日
1160,严防境外疫情输入（国务院联防联控机制发布会）,2020年4月21日
1161,“传递共同战疫的信心和力量”（患难见真情 共同抗疫情）,2020年4月21日
1162,让多边主义大厦更加牢固（和音）（——抗击疫情离不开命运共同体意识(32)）,2020年4月21日
1163,“埃及和中国一定能携手战胜疫情”,2020年4月21日
1164,凝聚战胜疫情的全球合力,2020年4月21日
1165,为做好疫情防控工作提供理论解读和舆论支持（中国道路中国梦）,2020年4月21日
1166,中医药优势在社区、隔离点疫情防控中得以彰显—— 防疫关口前移 有效精准施治,2020年4月21日
1167,抓紧抓实抓细常态化疫情防控,2020年4月20日
1168,提升品质迎客来（来自疫情防控一线的报道）,2020年4月20日
1169,应对疫情影响，河北廊坊加快推进智慧法院建设 视频面对面 线上解纠纷,2020年4月20日
1170,日本加大疫情防控力度,2020年4月20日
1171,患难见真情 共同抗疫情（国际视野）（当前，全球疫情形势严峻，国际社会需要坚定信心、齐心协力、团结应对。中国一直与国际组织保持密切合作，积极推动国际联防联控。国际组织纷纷表示，将在各自职责范围内积极行动，采取一切必要措施，合作应对疫情）,2020年4月20日
1172,“这是中国弘扬国际人道主义精神的体现”（患难见真情 共同抗疫情）,2020年4月20日
1173,彰显珍视生命的人性之美（和音）（——抗击疫情离不开命运共同体意识(31)）,2020年4月20日
1174,统筹推进疫情防控和经济社会发展工作,2020年4月19日
1175,“盼望西班牙早日战胜疫情”,2020年4月19日
1176,口罩生产线助力埃及抗击疫情,2020年4月19日
1177,共建一带一路，合作纽带更加牢固（患难见真情 共同抗疫情）,2020年4月19日
1178,中非智库人士就团结抗击疫情发表联合倡议,2020年4月19日
1179,疫情期间，一辆电动车，行驶上千公里，帮助700多人—— 90后小伙子吴悠的环城送药义举（青春派·青春奋进新时代（13））,2020年4月19日
1180,就白俄罗斯发生新冠肺炎疫情 习近平向白俄罗斯总统卢卡申科致慰问电,2020年4月18日
1181,中共中央政治局召开会议（分析国内外新冠肺炎疫情防控形势 研究部署抓紧抓实抓细常态化疫情防控工作 分析研究当前经济形势和经济工作中共中央总书记习近平主持会议）,2020年4月18日
1182,嘉奖军队执行新冠肺炎疫情防控任务全体人员,2020年4月18日
1183,“中国为全球新冠疫苗研发贡献重要力量”（患难见真情 共同抗疫情）,2020年4月18日
1184,就新冠肺炎确诊病例数确诊病例死亡数订正情况（武汉市新冠肺炎疫情防控指挥部答记者问）,2020年4月18日
1185,李克强主持召开中央应对新冠肺炎疫情工作领导小组会议 部署提高检测能力做好对重点地区重点人群应检尽检工作 抓好各地常态化防控推进生产生活秩序全面恢复,2020年4月17日
1186,盖茨基金会追加捐款支持全球抗击疫情,2020年4月17日
1187,患难见真情 共同抗疫情（新冠肺炎疫情在世界各国持续蔓延，很多国家都纷纷采取更加严格的防控措施。我驻外使领馆全力保障中国公民的健康与安全，同时通过多种方式，积极与驻在国沟通协调，与国际社会携手合作抗疫）,2020年4月17日
1188,广西博白县“一盘棋”谋划疫情防控和脱贫攻坚 就业服务送到家门口,2020年4月17日
1189,“世卫组织的重要作用不可替代”（患难见真情 共同抗疫情）,2020年4月17日
1190,“加强合作是我们的共同选择”（——访泰国新冠肺炎疫情应对管理中心发言人塔威信）,2020年4月17日
1191,李克强主持召开中央应对新冠肺炎疫情工作领导小组会议 部署提高检测能力做好对重点地区重点人群应检尽检工作 抓好各地常态化防控推进生产生活秩序全面恢复,2020年4月17日
1192,在履行社会责任中前行（——中国三星积极参与疫情防控和复工复产）,2020年4月17日
1193,团结合作是国际社会战胜疫情最有力武器,2020年4月16日
1194,动员联系群众 投身疫情防控（统筹抓好改革发展稳定各项工作）,2020年4月16日
1195,黄金水道千帆竞（来自疫情防控一线的报道）,2020年4月16日
1196,全国检察机关疫情期间依法处理问题线索 十万余件群众信访应回尽回,2020年4月16日
1197,动员联系群众 投身疫情防控（统筹抓好改革发展稳定各项工作）,2020年4月16日
1198,合作抗击疫情 稳定全球经济（国际视点）,2020年4月16日
1199,古特雷斯呼吁警惕疫情“错误信息”蔓延,2020年4月16日
1200,“我们从未如此迫切地需要国际合作”（患难见真情 共同抗疫情）,2020年4月16日
1201,特殊时期最宝贵的人权保护（和音）（——抗击疫情离不开命运共同体意识）,2020年4月16日
1202,青岛高新区提升疫情期间审批效率 业务线上办 便捷又贴心,2020年4月16日
1203,李克强出席东盟与中日韩抗击新冠肺炎疫情领导人特别会议,2020年4月15日
1204,立即采取措施防止疫情造成严重债务危机,2020年4月15日
1205,患难见真情 共同抗疫情,2020年4月15日
1206,东盟与中日韩抗击新冠肺炎疫情领导人特别会议联合声明,2020年4月15日
1207,在东盟与中日韩抗击新冠肺炎疫情领导人特别会议上的讲话,2020年4月15日
1208,“抗击疫情需要各国通力合作”（患难见真情 共同抗疫情）,2020年4月15日
1209,李克强出席东盟与中日韩抗击新冠肺炎疫情领导人特别会议,2020年4月15日
1210,老挝和中国专家举行抗击新冠肺炎疫情视频交流会,2020年4月15日
1211,李克强主持召开中央应对新冠肺炎疫情工作领导小组会议 部署调集专家和防疫物资增强边境地区疫情防控能力 进一步扩大检测范围做好精准防控和推动全面复工复产,2020年4月14日
1212,做好疫情加试题 确保脱贫高质量,2020年4月14日
1213,最高检发布涉疫情暴力犯罪六个典型案例,2020年4月14日
1214,中东国家疫情防控力度持续加大(国际视点),2020年4月14日
1215,马来西亚疫情形势趋于稳定,2020年4月14日
1216,新冠肺炎疫情已影响全球超八成劳动人口（微阅读）,2020年4月14日
1217,做好旅游景区疫情防控和安全有序开放,2020年4月14日
1218,李克强将出席东盟与中日韩抗击新冠肺炎疫情领导人特别会议,2020年4月14日
1219,加强国际宏观经济政策协调是负责任之举（和音）（——抗击疫情离不开命运共同体意识（29））,2020年4月14日
1220,“祖国永远是大家坚强的后盾”（患难见真情 共同抗疫情）,2020年4月14日
1221,让疫情通报更扎实细致（纵横）,2020年4月14日
1222,疫情防控要“坚持再坚持”（今日谈）,2020年4月13日
1223,阳光保险全力以赴抗击疫情 “力所能及地增添一点阳光”,2020年4月13日
1224,欧洲国家加大力度应对疫情（国际视点）,2020年4月13日
1225,泰国努力降低疫情对经济冲击,2020年4月13日
1226,美国海军疫情事件持续发酵,2020年4月13日
1227,患难见真情 共同抗疫情,2020年4月13日
1228,医疗废物基本实现日产日清（国务院联防联控机制发布会）（农村人居环境整治对疫情防控有积极作用）,2020年4月13日
1229,“团结一致，才能尽快战胜疫情”（患难见真情 共同抗疫情）,2020年4月13日
1230,“中国抗疫经验值得借鉴”（患难见真情 共同抗疫情）,2020年4月13日
1231,图片报道（患难见真情 共同抗疫情）,2020年4月13日
1232,为抗疫国际合作注入信心和力量（患难见真情 共同抗疫情）,2020年4月13日
1233,“现在是我们展示团结的时候”（患难见真情 共同抗疫情）,2020年4月13日
1234,让合作的阳光驱散疫情的阴霾（人民论坛）,2020年4月13日
1235,面对疫情影响，农民工就业、健康等权益需要特别关注，不少读者来信建议—— 让农民工返岗顺利干活安心（来信综述）,2020年4月13日
1236,学校复课应加强疫情防控（建议）,2020年4月13日
1237,产销对接 货畅其流（来自疫情防控一线的报道）,2020年4月12日
1238,在常态化疫情防控中加快推进生产生活秩序全面恢复 扩内需，打开增长空间(经济新方位),2020年4月12日
1239,“团结合作为我们增添了力量和信心”（患难见真情 共同抗疫情）,2020年4月12日
1240,疫情下的“暖心礼包”（深聚焦）,2020年4月12日
1241,海外侨胞积极投身疫情防控（侨界传真）,2020年4月12日
1242,习近平同阿根廷总统费尔南德斯就抗击新冠肺炎疫情互致信函,2020年4月11日
1243,金融有效支持疫情防控和经济社会发展,2020年4月11日
1244,“中国经验将帮助巴基斯坦战胜疫情”,2020年4月11日
1245,国际社会呼吁团结应对疫情，坚定支持世卫组织工作 全面加强合作 凝聚战疫合力（患难见真情 共同抗疫情）,2020年4月11日
1246,中俄军队召开新冠肺炎疫情防控经验分享视频会,2020年4月11日
1247,中国与阿盟就新冠肺炎疫情举行首次专家视频会,2020年4月11日
1248,抓细抓实疫情防控各项工作 用心用情为群众服务,2020年4月10日
1249,李克强主持召开中央应对新冠肺炎疫情工作领导小组会议 部署加强边境地区疫情防控力量 扩大国内重点地区检测范围 在做好常态化防控同时全面推进复工复产,2020年4月10日
1250,中央应对新冠肺炎疫情工作领导小组印发《意见》 在有效防控疫情的同时积极有序推进复工复产,2020年4月10日
1251,拉美国家积极防控疫情,2020年4月10日
1252,患难见真情 共同抗疫情,2020年4月10日
1253,全国不同风险地区企事业单位复工复产疫情防控措施指南,2020年4月10日
1254,国务院应对新型冠状病毒感染肺炎疫情联防联控机制关于印发全国不同风险地区企事业单位复工复产疫情防控措施指南的通知,2020年4月10日
1255,破坏团结合作就是阻碍抗击疫情（钟声）,2020年4月10日
1256,“感谢中国为这场全球斗争作出的贡献”（患难见真情 共同抗疫情）,2020年4月10日
1257,中新军队召开疫情防控经验分享视频会议,2020年4月10日
1258,李克强主持召开中央应对新冠肺炎疫情工作领导小组会议 部署加强边境地区疫情防控力量 扩大国内重点地区检测范围 在做好常态化防控同时全面推进复工复产,2020年4月10日
1259,中央应对新冠肺炎疫情工作领导小组印发《意见》 在有效防控疫情的同时积极有序推进复工复产,2020年4月10日
1260,汇聚战胜疫情的全球合力（人民要论）,2020年4月10日
1261,抗击疫情需要全球合作（大家手笔）,2020年4月10日
1262,分析国内外新冠肺炎疫情防控和经济运行形势 研究部署落实常态化疫情防控举措全面推进复工复产工作,2020年4月9日
1263,众志成城抗疫情、谋发展—— 民企加快复工复产稳就业（统筹抓好改革发展稳定各项工作）,2020年4月9日
1264,抗击疫情为中美合作提供了平台,2020年4月9日
1265,巴以联手抗击疫情,2020年4月9日
1266,依法维护入境疫情防控秩序（金台锐评）,2020年4月9日
1267,进一步做好重点场所重点单位重点人群新冠肺炎疫情防控相关工作,2020年4月9日
1268,赶订单 保供应（来自疫情防控一线的报道）,2020年4月9日
1269,非洲国家积极评价中国加强对非抗疫合作（患难见真情 共同抗疫情）,2020年4月9日
1270,英雄的城市为世界作出重要贡献（和音）（——抗击疫情离不开命运共同体意识（28））,2020年4月9日
1271,“团结起来，我们终将战胜疫情”,2020年4月9日
1272,为疫情防控提供科技支撑(新论),2020年4月9日
1273,一线集结 携手战疫（让党旗在防控疫情斗争第一线高高飘扬）,2020年4月9日
1274,众志成城抗疫情、谋发展—— 民企加快复工复产稳就业（统筹抓好改革发展稳定各项工作）,2020年4月9日
1275,邮政业基本恢复疫情前服务能力,2020年4月9日
1276,疫情防控彰显党的组织体系强大优势（大家手笔）,2020年4月9日
1277,李克强主持召开国务院常务会议（推出增设跨境电子商务综合试验区、支持加工贸易、广交会网上举办等系列举措，积极应对疫情影响努力稳住外贸外资基本盘；决定延续实施普惠金融和小额贷款公司部分税收支持政策）,2020年4月8日
1278,倡议首个维和人员安全问题决议 积极参与全球维和与疫情防控 中国为推进联合国维和行动贡献力量（国际视点）,2020年4月8日
1279,中国专家组在老挝开展疫情防控交流合作,2020年4月8日
1280,一键下单 送药上门（消费视窗·降低疫情影响 稳定居民消费⑦）,2020年4月8日
1281,必须积极支持国际组织发挥作用（和音）（——抗击疫情离不开命运共同体意识（27））,2020年4月8日
1282,“团结协作，共同维护全球公共卫生安全”（患难见真情 共同抗疫情）,2020年4月8日
1283,中国和巴基斯坦军队召开疫情防控经验分享视频会议,2020年4月8日
1284,坚持防控不松懈 确保疫情不反弹,2020年4月8日
1285,战疫先锋 荆楚卫士（一线抗疫群英谱）（——记坚守疫情防控一线的湖北公安民警）,2020年4月8日
1286,为疫情防控全力以赴，为复工复产全线出击 央企，关键时刻显担当,2020年4月8日
1287,应对疫情冲击 夯实发展基础 加快发展新基建新服务（新知新觉）,2020年4月8日
1288,克服疫情影响 助力长远发展 为脱贫攻坚与乡村振兴注入金融活水（有的放矢）,2020年4月8日
1289,疫情防控不松劲 复工复产加速度 沿海港口显示活力韧性（统筹抓好改革发展稳定各项工作）,2020年4月7日
1290,李克强主持召开中央应对新冠肺炎疫情工作领导小组会议 要求持续抓好疫情常态化防控 进一步防范陆地边境疫情跨境输入 动态优化企事业单位防控措施有力有序推进复工复产,2020年4月7日
1291,全力以赴，决不负生命之托（来自疫情防控一线的报道）,2020年4月7日
1292,全力以赴，决不负生命之托（来自疫情防控一线的报道）,2020年4月7日
1293,在疫情防控斗争中彰显伟大中国精神（人民要论）,2020年4月7日
1294,新加坡进一步强化疫情防控措施,2020年4月7日
1295,患难见真情 共同抗疫情(国际视野)（中国上下同心、众志成城抗击疫情的行动和成效，向世界展现了中国力量、中国精神。当下，全球疫情防控形势严峻，各国专家学者纷纷表示，人类是命运共同体，唯有团结协作才能战胜这一公共卫生安全挑战）,2020年4月7日
1296,扎实做好湖北高校毕业生就业创业和校园疫情防控工作,2020年4月7日
1297,一手抓疫情防控 一手抓医疗服务 我国正常诊疗秩序逐步恢复（统筹抓好改革发展稳定各项工作）,2020年4月7日
1298,入境旅客全部实施核酸检测（国务院联防联控机制发布会）（加大对隐瞒疫情入境者失信惩戒力度）,2020年4月7日
1299,疫情防控不松劲 复工复产加速度 沿海港口显示活力韧性（统筹抓好改革发展稳定各项工作）,2020年4月7日
1300,国际社会高度评价中国促进抗疫国际合作（患难见真情 共同抗疫情）,2020年4月7日
1301,国际人道主义精神值得加倍珍视（和音）（——抗击疫情离不开命运共同体意识）,2020年4月7日
1302,“菲中两国在疫情防控中相互支持”,2020年4月7日
1303,中国发布新冠肺炎疫情信息、推进疫情防控国际合作纪事,2020年4月7日
1304,中国发布新冠肺炎疫情信息、推进疫情防控国际合作纪事,2020年4月7日
1305,中国发布新冠肺炎疫情信息、推进疫情防控国际合作纪事,2020年4月7日
1306,履职尽责筑牢疫情防线（中国道路中国梦）,2020年4月7日
1307,书写共建人类命运共同体的战“疫”篇章（——记习近平主席推动新冠肺炎疫情防控国际合作）,2020年4月6日
1308,网格党建 筑起坚固防线（让党旗在防控疫情斗争第一线高高飘扬）,2020年4月6日
1309,党员带动 形成抗疫合力（让党旗在防控疫情斗争第一线高高飘扬）,2020年4月6日
1310,依法维护入境疫情防控秩序,2020年4月6日
1311,中国驻外使领馆加强领事保护工作 海外华侨华人积极行动抗击疫情 “携手努力，打好疫情防控全球阻击战”（患难见真情 共同抗疫情）,2020年4月6日
1312,书写共建人类命运共同体的战“疫”篇章（——记习近平主席推动新冠肺炎疫情防控国际合作）,2020年4月6日
1313,全国各地各族人民深切悼念抗击新冠肺炎疫情斗争牺牲烈士和逝世同胞,2020年4月5日
1314,举国同悲 万众同心（——全国各地悼念新冠肺炎疫情牺牲烈士和逝世同胞侧记）,2020年4月5日
1315,为全球抗疫提供坚实科技支撑（患难见真情 共同抗疫情）（——国际社会积极评价中国开展疫情防控科研攻关和对外合作）,2020年4月5日
1316,武汉悼念新冠肺炎疫情牺牲烈士和逝世同胞—— “矢志完成英雄未竟的事业”,2020年4月5日
1317,举国同悲 万众同心（——全国各地悼念新冠肺炎疫情牺牲烈士和逝世同胞侧记）,2020年4月5日
1318,深切悼念新冠肺炎疫情牺牲烈士和逝世同胞 最好的告慰，就是奋力前行,2020年4月5日
1319,加快建立同疫情防控相适应的经济社会运行秩序（人民要论）,2020年4月5日
1320,亚洲政党共抗疫情网络专题会呼吁 分享经验，凝聚合作抗疫共识（患难见真情 共同抗疫情）,2020年4月4日
1321,李克强主持召开中央应对新冠肺炎疫情工作领导小组会议 部署加强无症状感染者管理并开展流行病学调查 做好陆地边境防范疫情跨境输入工作 优化防控措施有力有序积极推进复工复产,2020年4月3日
1322,全球旅游业面临疫情大考（国际视点）,2020年4月3日
1323,世卫组织赞赏中国应对疫情展现出透明度,2020年4月3日
1324,共同实施应对疫情路线图,2020年4月3日
1325,患难见真情 共同抗疫情（接受当地主流媒体采访，汇编抗疫诊疗资料，协调医用物资运送，推动医疗机构远程会议……新冠肺炎疫情在全球蔓延，中国驻外使领馆也在积极行动。他们通过多种方式，向驻在国介绍中国抗疫经验，缓解当地物资紧缺难题，饱含守望相助、共克时艰的真挚情谊）,2020年4月3日
1326,疫情期间机票怎么退？（新看点）,2020年4月3日
1327,李克强主持召开中央应对新冠肺炎疫情工作领导小组会议 部署加强无症状感染者管理并开展流行病学调查 做好陆地边境防范疫情跨境输入工作 优化防控措施有力有序积极推进复工复产,2020年4月3日
1328,世界政党就加强抗疫国际合作发出共同呼吁（患难见真情 共同抗疫情）,2020年4月3日
1329,携手拉起最严密联防联控网络（和音）（——抗击疫情离不开命运共同体意识(25)）,2020年4月3日
1330,世界政党关于加强抗击新冠肺炎疫情国际合作的共同呼吁（患难见真情 共同抗疫情）,2020年4月3日
1331,开放合作 命运与共（人民观点）（——凝聚抗击疫情的精神力量⑤）,2020年4月3日
1332,湖北14名新冠肺炎疫情防控一线牺牲人员被评定为首批烈士,2020年4月3日
1333,统筹推进疫情防控和经济社会发展工作 奋力实现今年经济社会发展目标任务,2020年4月2日
1334,新冠肺炎疫情不断蔓延之际，美国一些政客试图转移视线、推卸责任，各界人士强调—— “甩锅”行径对防疫有害无益（深度观察）,2020年4月2日
1335,准确报道疫情 推动团结合作,2020年4月2日
1336,英国升级疫情应对措施,2020年4月2日
1337,欧洲严厉打击涉疫情犯罪,2020年4月2日
1338,哈马斯与以色列开展抗击新冠肺炎疫情合作,2020年4月2日
1339,冲寒已觉东风暖（——记习近平总书记在浙江调研疫情防控和复工复产）,2020年4月2日
1340,精准落实疫情防控和复工复产各项举措,2020年4月2日
1341,“祖国时时刻刻都牵挂着你们”（患难见真情 共同抗疫情）,2020年4月2日
1342,坚决打好疫情防控全球阻击战（和音）（——抗击疫情离不开命运共同体意识(24)）,2020年4月2日
1343,只要携手合作就能战胜疫情（国际论坛）,2020年4月2日
1344,统筹推进疫情防控和经济社会发展工作 奋力实现今年经济社会发展目标任务,2020年4月2日
1345,把握规律 崇尚科学（人民观点）（——凝聚抗击疫情的精神力量④）,2020年4月2日
1346,在疫情防控一线识别干部,2020年4月2日
1347,干部驻厂解难题 防疫生产两促进（让党旗在防控疫情斗争第一线高高飘扬）,2020年4月2日
1348,在湖北省考察新冠肺炎疫情防控工作时的讲话,2020年4月1日
1349,湖南株洲1.7万多名党员干部下沉一线，参与疫情防控和复工复产 在基层，越是出力越能长力（干部状态新观察）,2020年4月1日
1350,高考延期，兼顾疫情防控和社会公平（新语）,2020年4月1日
1351,合力战胜疫情 维护经济稳定（深度观察）,2020年4月1日
1352,俄罗斯积极防控疫情,2020年4月1日
1353,疫情对FDI冲击恐超2008国际金融危机（微阅读）,2020年4月1日
1354,疫情将考验美国政府承担债务的极限 美国史上最大规模财政刺激计划出台,2020年4月1日
1355,直播看馆藏 线上赏美景（消费视窗·降低疫情影响 稳定居民消费⑥）,2020年4月1日
1356,确保全球产业链供应链开放稳定安全（和音）（——抗击疫情离不开命运共同体意识(23)）,2020年4月1日
1357,面对疫情 并肩战斗（患难见真情 共同抗疫情）,2020年4月1日
1358,中国使馆联手中资企业等帮助在日同胞抗击疫情,2020年4月1日
1359,全国本土疫情传播已基本阻断,2020年4月1日
1360,勇于担当 甘于奉献（人民观点）（——凝聚抗击疫情的精神力量③）,2020年4月1日
1361,“作为军人，疫情就是战场”,2020年4月1日
1362,携手应对疫情对世界发展的冲击和挑战（人民要论）,2020年4月1日
1363,260多万各级人大代表投入疫情防控和复工复产 上阵战一线 建言显担当,2020年3月31日
1364,李克强主持召开中央应对新冠肺炎疫情工作领导小组会议 要求抓好巩固防控成效各项工作 突出做好无症状感染者防控,2020年3月31日
1365,“没有家人陪，同样很温馨”（来自疫情防控一线的报道）,2020年3月31日
1366,疫情防控期间，一批机关干部走进社区、服务基层 干部沉下去 本领强起来（干部状态新观察）,2020年3月31日
1367,260多万各级人大代表投入疫情防控和复工复产 上阵战一线 建言显担当,2020年3月31日
1368,德国继续加大疫情防控力度,2020年3月31日
1369,患难见真情 共同抗疫情（国际视野）,2020年3月31日
1370,李克强主持召开中央应对新冠肺炎疫情工作领导小组会议 要求抓好巩固防控成效各项工作 突出做好无症状感染者防控,2020年3月31日
1371,国际社会看好中国经济长期向好趋势（患难见真情 共同抗疫情）,2020年3月31日
1372,中拉视频会议分享抗疫信息（患难见真情 共同抗疫情）,2020年3月31日
1373,“中国抗疫成功经验值得借鉴”（患难见真情 共同抗疫情）,2020年3月31日
1374,图片报道（患难见真情 共同抗疫情）,2020年3月31日
1375,携手合作 战胜挑战（患难见真情 共同抗疫情）,2020年3月31日
1376,亚洲政党在线交流抗疫合作（患难见真情 共同抗疫情）,2020年3月31日
1377,同舟共济 守望相助（人民观点）（——凝聚抗击疫情的精神力量②）,2020年3月31日
1378,疫情防控彰显制度优势（思想纵横）,2020年3月31日
1379,将疫情之危化为发展之机 培育壮大“互联网+”消费新动能（新知新觉）,2020年3月31日
1380,在疫情防控常态化条件下加快恢复生产生活秩序,2020年3月30日
1381,疫情防控必须慎终如始（今日谈）,2020年3月30日
1382,人员返岗多 物流更顺畅（来自疫情防控一线的报道）,2020年3月30日
1383,疫情防控期间治安管理更便民利企 公安部推出15项措施,2020年3月30日
1384,非洲全力降低疫情对经济影响,2020年3月30日
1385,患难见真情 共同抗疫情（国际视野）,2020年3月30日
1386,防控疫情亟须加强国际科技合作（创新谈）,2020年3月30日
1387,在抗疫合作中践行人类命运共同体理念（患难见真情 共同抗疫情）,2020年3月30日
1388,敢于斗争 敢于胜利（人民观点）（——凝聚抗击疫情的精神力量①）,2020年3月30日
1389,不断巩固和拓展疫情防控成效,2020年3月29日
1390,嘉鱼蔬菜 跨省热销(来自疫情防控一线的报道),2020年3月29日
1391,7901万多名党员踊跃捐款支持疫情防控工作,2020年3月29日
1392,多举措化解疫情给贫困群众增收带来的影响 脱贫不松劲 攻坚再发力（政策解读·有序恢复生产生活秩序）,2020年3月29日
1393,直面挑战 迅速行动（和音）（——抗击疫情离不开命运共同体意识（22））,2020年3月29日
1394,促进国际合作 联手抗击疫情,2020年3月29日
1395,巴西医生连线武汉视频“取经”（患难见真情 共同抗疫情）,2020年3月29日
1396,助力非洲打好疫情防控阻击战（国际论坛）,2020年3月29日
1397,图片报道(患难见真情 共同抗疫情),2020年3月29日
1398,坚守国门一线 遏制疫情传播（一线抗疫群英谱）,2020年3月29日
1399,中共中央政治局召开会议（分析国内外新冠肺炎疫情防控和经济运行形势 研究部署进一步统筹推进疫情防控和经济社会发展工作 审议《关于二〇一九年脱贫攻坚成效考核等情况的汇报》和《关于中央脱贫攻坚专项巡视“回头看”情况的综合报告》　中共中央总书记习近平主持会议）,2020年3月28日
1400,命运与共，团结合作方可共克时艰（——中国抗击新冠肺炎疫情的世界意义）,2020年3月28日
1401,“疫情当前，我们必须站出来”（让党旗在防控疫情斗争第一线高高飘扬）,2020年3月28日
1402,习近平出席二十国集团领导人应对新冠肺炎特别峰会并发表重要讲话（倡议有效开展国际联防联控 坚决打好新冠肺炎疫情防控全球阻击战 呼吁加强宏观经济政策协调、防止世界经济陷入衰退 王沪宁陪同出席）,2020年3月27日
1403,加强疫情防控国际合作 稳定世界经济,2020年3月27日
1404,高原战疫情 党员冲在前,2020年3月27日
1405,美国新冠肺炎疫情日益恶化,2020年3月27日
1406,世卫组织呼吁加大疫情防控力度,2020年3月27日
1407,患难见真情 共同抗疫情（记者观察）,2020年3月27日
1408,凝聚起战胜疫情强大合力,2020年3月27日
1409,加强疫情防控国际合作 稳定世界经济,2020年3月27日
1410,李克强主持召开中央应对新冠肺炎疫情工作领导小组会议 要求严格落实防止境内疫情反弹各项措施 进一步做好境外疫情经陆路水路输入风险防控工作,2020年3月27日
1411,统筹抓好疫情防控和复工复产,2020年3月27日
1412,中国建设银行同心携手助力疫情防控 金融活水赋能实体经济,2020年3月27日
1413,凝聚共同抗击疫情强大力量（有的放矢）,2020年3月27日
1414,利用好疫情防控契机 进一步完善城乡基层治理（新知新觉）,2020年3月27日
1415,疫情防控决不能掉以轻心,2020年3月26日
1416,风雨无阻向前进（——写在中国人民抗击新冠肺炎疫情之际）,2020年3月26日
1417,联合国秘书长呼吁全球停火应对疫情,2020年3月26日
1418,韩国疫情蔓延明显放缓,2020年3月26日
1419,投身疫情防控 彰显责任担当,2020年3月26日
1420,风雨无阻向前进（——写在中国人民抗击新冠肺炎疫情之际）,2020年3月26日
1421,凝聚抗疫合力 提振全球信心（患难见真情 共同抗疫情）,2020年3月26日
1422,弘扬伙伴精神 共护人类家园（和音）（——抗击疫情离不开命运共同体意识）,2020年3月26日
1423,党员战一线 带动一大片（让党旗在防控疫情斗争第一线高高飘扬）,2020年3月26日
1424,李克强主持召开国务院常务会议（确定推动制造业和流通业在做好疫情防控同时积极有序复工复产的措施；部署进一步提升我国国际航空货运能力，努力稳定供应链）,2020年3月25日
1425,合力奋战 情谊深厚（来自疫情防控一线的报道）,2020年3月25日
1426,疫情发生以来，许多一线工作者立足本职，加班加点 始终在状态 一直不离岗（我们在岗位上①）,2020年3月25日
1427,德国强化疫情应对举措,2020年3月25日
1428,中国建筑造桥助力文莱疫情防控（资讯速递）,2020年3月25日
1429,实体店顺势谋升级（消费视窗·降低疫情影响 稳定居民消费⑤）,2020年3月25日
1430,李克强主持召开国务院常务会议（确定推动制造业和流通业在做好疫情防控同时积极有序复工复产的措施；部署进一步提升我国国际航空货运能力，努力稳定供应链）,2020年3月25日
1431,国际主流媒体反对借疫情污名化中国（患难见真情 共同抗疫情）,2020年3月25日
1432,让合作的阳光驱散疫情的阴霾（和音）（——抗击疫情离不开命运共同体意识）,2020年3月25日
1433,全面做好疫情防控和维护安全稳定工作,2020年3月25日
1434,战疫情 保产业 抓项目 稳投资 海南自贸港建设加速推进（统筹抓好改革发展稳定各项工作）,2020年3月24日
1435,李克强主持召开中央应对新冠肺炎疫情工作领导小组会议 针对疫情变化部署外防输入内防反弹措施 在有效防控疫情同时积极有序推进复工复产,2020年3月24日
1436,一边对公众隐瞒疫情 一边在市场抛售股票 美国会议员涉嫌内幕交易惹众怒（深度观察）,2020年3月24日
1437,拉美国家严防新冠肺炎疫情扩散,2020年3月24日
1438,疫情成为二战以来最严峻危机 中国俄罗斯古巴等国紧急驰援 意大利进一步加强防控措施,2020年3月24日
1439,毫不放松疫情防控 有序恢复正常医疗秩序,2020年3月24日
1440,当前，巩固疫情防控的阶段性成果，切实维护正常经济社会秩序至关重要。连日来，读者纷纷来信表示—— 维护良好秩序 从身边小事做起（来信综述·面对疫情，我们怎么做⑤）,2020年3月23日
1441,长期向好信心足（经济长期向好的基本面没有改变⑤）（——疫情影响下的中国经济观察）,2020年3月22日
1442,就法国发生新冠肺炎疫情 习近平向法国总统马克龙致慰问电,2020年3月22日
1443,就德国发生新冠肺炎疫情 习近平向德国总理默克尔致慰问电,2020年3月22日
1444,就西班牙发生新冠肺炎疫情 习近平向西班牙国王费利佩六世致慰问电,2020年3月22日
1445,就塞尔维亚发生新冠肺炎疫情 习近平向塞尔维亚总统武契奇致慰问电,2020年3月22日
1446,主动请战 奋勇抗疫（来自疫情防控一线的报道）,2020年3月22日
1447,不分昼夜 全力保供（来自疫情防控一线的报道）,2020年3月22日
1448,长期向好信心足（经济长期向好的基本面没有改变⑤）（——疫情影响下的中国经济观察）,2020年3月22日
1449,中欧班列复工率已达90%以上（患难见真情 共同抗疫情）,2020年3月22日
1450,闯关夺隘再向前（经济长期向好的基本面没有改变④）（——疫情影响下的中国经济观察）,2020年3月21日
1451,加快建立同疫情防控相适应的经济社会运行秩序,2020年3月21日
1452,李克强考察疫情防控与生活物资保障服务平台、国务院复工复产推进工作机制和宏观政策协调机制时强调 在精准防控疫情的同时积极有序推进复工复产 稳住和支持市场主体增强经济回升动力,2020年3月21日
1453,严格防护筛查 有序开放门诊(来自疫情防控一线的报道）,2020年3月21日
1454,李克强对统筹推进疫情防控和稳就业工作电视电话会议作出重要批示强调 千方百计加快恢复和稳定就业 为就业创业、灵活就业提供更多机会,2020年3月21日
1455,强化稳就业举措应对新冠肺炎疫情影响,2020年3月21日
1456,闯关夺隘再向前（经济长期向好的基本面没有改变④）（——疫情影响下的中国经济观察）,2020年3月21日
1457,李克强考察疫情防控与生活物资保障服务平台、国务院复工复产推进工作机制和宏观政策协调机制时强调 在精准防控疫情的同时积极有序推进复工复产 稳住和支持市场主体增强经济回升动力,2020年3月21日
1458,外国政党政要高度评价中方积极支持其他国家抗击疫情,2020年3月21日
1459,“困难时，才知道谁是真朋友”(患难见真情 共同抗疫情),2020年3月21日
1460,大道不孤 人类必胜(和音)（——抗击疫情离不开命运共同体意识）,2020年3月21日
1461,严格防护筛查 有序开放门诊(来自疫情防控一线的报道）,2020年3月21日
1462,李克强主持召开中央应对新冠肺炎疫情工作领导小组会议 部署调整优化防控措施 进一步精准防范疫情跨境输入输出 适应形势变化积极有序推进企事业单位复工复产,2020年3月20日
1463,患难见真情 共同抗疫情（记者观察）,2020年3月20日
1464,疫情防控按下电子政务“快进键”（新看点）,2020年3月20日
1465,李克强主持召开中央应对新冠肺炎疫情工作领导小组会议 部署调整优化防控措施 进一步精准防范疫情跨境输入输出 适应形势变化积极有序推进企事业单位复工复产,2020年3月20日
1466,借鉴中国经验，携手抗击疫情（患难见真情 共同抗疫情）,2020年3月20日
1467,开展国际合作 携手抗击疫情（人民时评）,2020年3月20日
1468,提升疫情防控科学素养（一线视角）,2020年3月20日
1469,为疫情防控和经济社会发展汇聚科技力量（深入学习贯彻习近平新时代中国特色社会主义思想）,2020年3月20日
1470,加大疫情防控期间金融支持力度（有的放矢）,2020年3月20日
1471,发挥法治在疫情防控中的保障作用（新知新觉）,2020年3月20日
1472,分析国内外新冠肺炎疫情防控和经济形势 研究部署统筹抓好疫情防控和经济社会发展重点工作,2020年3月19日
1473,湖北 规上工业企业复工率近50%（来自疫情防控一线的报道）,2020年3月19日
1474,守护生命 全力救治重症患者（来自疫情防控一线的报道）,2020年3月19日
1475,“团结合作的信心更加坚定”（——共抗疫情、抓好生产，共建一带一路项目在相关国家顺利推进）,2020年3月19日
1476,欧洲应借鉴中国经验遏制疫情,2020年3月19日
1477,降低疫情影响 决战脱贫攻坚（人民政协新实践）,2020年3月19日
1478,政法系统为疫情防控和经济社会发展提供坚实法治保障 织密法治网 助力“两手抓”（法治头条）,2020年3月19日
1479,ECMO，紧急大驰援（来自疫情防控一线的报道）,2020年3月19日
1480,“中国积累的宝贵防控经验使世界各国受益”（患难见真情 共同抗疫情）（——国际人士高度评价中国抗击疫情取得积极成效）,2020年3月19日
1481,探访武汉市“无疫情小区”—— 活动有序 防控不松,2020年3月19日
1482,秉持人类命运共同体理念抗击疫情（人民要论）,2020年3月19日
1483,疫情防控体现我国经济体制优势（大家手笔）,2020年3月19日
1484,加强疫情防控国际合作 共同维护世界公共卫生安全（新知新觉）,2020年3月19日
1485,疫情期间，湖北宜昌一位驻村第一书记下沉社区参与防控，另一位机关干部就近接力扶贫—— 春天里，他们把信心传递（干部状态新观察·提升贫困治理能力）,2020年3月18日
1486,非洲国家严防新冠肺炎疫情蔓延,2020年3月18日
1487,IMF总裁呼吁各国加强协调共同应对疫情,2020年3月18日
1488,健康消费驶入快车道（消费视窗·降低疫情影响 稳定居民消费④）,2020年3月18日
1489,消费金融，积极应对疫情冲击（消费万花筒）,2020年3月18日
1490,积极行动 共同努力（患难见真情 共同抗疫情）,2020年3月18日
1491,美国各界批评涉疫情歧视言论,2020年3月18日
1492,抗击疫情 合肥庐阳防得严控得牢,2020年3月18日
1493,家底厚实大盘稳(经济长期向好的基本面没有改变③)（——疫情影响下的中国经济观察）,2020年3月17日
1494,李克强主持召开中央应对新冠肺炎疫情工作领导小组会议 部署进一步做好疫情防控和后续相关工作 推进全面复工复产 加快恢复经济社会秩序,2020年3月17日
1495,院士，也是战士（人民眼·抗击疫情）,2020年3月17日
1496,欧洲加大力度防控新冠肺炎疫情,2020年3月17日
1497,印尼多地暴发登革热疫情,2020年3月17日
1498,疫情防控不能松劲 复工复产要精准施策,2020年3月17日
1499,国民经济经受住了疫情冲击（经济新方位）,2020年3月17日
1500,防范境外疫情输入风险（国务院联防联控机制发布会）,2020年3月17日
1501,国航严防境外疫情输入,2020年3月17日
1502,李克强主持召开中央应对新冠肺炎疫情工作领导小组会议 部署进一步做好疫情防控和后续相关工作 推进全面复工复产 加快恢复经济社会秩序,2020年3月17日
1503,倡导理性与科学，凝聚全球抗疫合力（患难见真情 共同抗疫情）,2020年3月17日
1504,中国疫情防控经验值得借鉴（国际论坛）,2020年3月17日
1505,北京启用小汤山定点医院（设床位1000余张，应对境外疫情输入风险）,2020年3月17日
1506,把科学防治贯穿疫情防控始终（新论）,2020年3月17日
1507,齐心协力 抗击疫情（一方有难 八方支援）,2020年3月17日
1508,家底厚实大盘稳(经济长期向好的基本面没有改变③)（——疫情影响下的中国经济观察）,2020年3月17日
1509,深刻认识统筹疫情防控和经济社会发展（人民要论）,2020年3月17日
1510,确保疫情防控阻击战取得全胜（有的放矢）,2020年3月17日
1511,疫情防控工作彰显科学方法论（新知新觉）,2020年3月17日
1512,为打赢疫情防控阻击战提供强大科技支撑,2020年3月16日
1513,58万余名党员干部下沉一线（让党旗在防控疫情斗争第一线高高飘扬）,2020年3月16日
1514,风雨洗礼更坚劲（经济长期向好的基本面没有改变②）（——疫情影响下的中国经济观察）,2020年3月16日
1515,武汉东西湖区 让鱼儿“游”上餐桌（来自疫情防控一线的报道）,2020年3月16日
1516,克服疫情影响 打赢脱贫攻坚战（决战脱贫攻坚·一线故事）,2020年3月16日
1517,美国新冠肺炎疫情应对措施升级,2020年3月16日
1518,患难见真情 共同抗疫情（国际视野）,2020年3月16日
1519,打好组合拳 确保就业稳（财经眼·宏观政策加力 对冲疫情影响③）,2020年3月16日
1520,工行高效服务疫情防控重点企业（财经短波）,2020年3月16日
1521,救助保护因新冠肺炎疫情影响造成监护缺失儿童,2020年3月16日
1522,抗击疫情信贷支持超一点四万亿元（国务院联防联控机制发布会）,2020年3月16日
1523,风雨洗礼更坚劲（经济长期向好的基本面没有改变②）（——疫情影响下的中国经济观察）,2020年3月16日
1524,珍重生命，赢得世界信赖(和音)（——抗击疫情离不开命运共同体意识（17））,2020年3月16日
1525,“中国抗击疫情的举措值得国际社会借鉴”（患难见真情 共同抗疫情）,2020年3月16日
1526,“感谢来自中国的专家组”（——记中意两国人民守望相助、共抗疫情的动人瞬间）,2020年3月16日
1527,疫情防控慎终如始 企业复工有序推进 山西：两手抓两手硬,2020年3月16日
1528,抗击疫情上一线 联系群众汇民情,2020年3月16日
1529,巩固疫情防控良好势头,2020年3月16日
1530,织密基层防线（大家谈·同心打赢疫情防控阻击战⑤）,2020年3月16日
1531,短期冲击不足惧（经济长期向好的基本面没有改变①）（——疫情影响下的中国经济观察）,2020年3月15日
1532,就韩国发生新冠肺炎疫情 习近平向韩国总统文在寅致慰问电,2020年3月15日
1533,就伊朗发生新冠肺炎疫情 习近平向伊朗总统鲁哈尼致慰问电,2020年3月15日
1534,就意大利发生新冠肺炎疫情 习近平向意大利总统马塔雷拉致慰问电,2020年3月15日
1535,就新冠肺炎疫情 习近平向欧洲理事会主席米歇尔和欧盟委员会主席冯德莱恩致慰问电,2020年3月15日
1536,中央财政提前下拨千亿元保障困难群众（国务院联防联控机制发布会）（疫情较重地区适当增加补助）,2020年3月15日
1537,短期冲击不足惧（经济长期向好的基本面没有改变①）（——疫情影响下的中国经济观察）,2020年3月15日
1538,“中国特色社会主义制度有着无可比拟的优势”（患难见真情 共同抗疫情）（——国际人士高度评价中国抗击疫情取得积极成效）,2020年3月15日
1539,美国犹他州议会通过决议案支持中国人民抗击疫情,2020年3月15日
1540,天津基层疫情防控有实招—— 主官带头上 力量向下沉（让党旗在防控疫情斗争第一线高高飘扬）,2020年3月15日
1541,中部战区总医院全力抗击疫情—— 挺身而出 护佑健康（一线抗疫群英谱）,2020年3月15日
1542,“中国经验为各国战胜疫情带来信心”（患难见真情 共同抗疫情）（——国际社会高度评价中国积极开展抗击疫情国际合作）,2020年3月14日
1543,习近平总书记赴湖北武汉考察疫情防控工作时的重要讲话强信心、暖人心、聚民心，广大干部群众表示—— 再接再厉，不获全胜决不收兵,2020年3月14日
1544,我们出院了（来自疫情防控一线的报道）,2020年3月14日
1545,一鼓作气抗击疫情不懈怠,2020年3月13日
1546,李克强主持召开中央应对新冠肺炎疫情工作领导小组会议 要求根据疫情形势变化分区分级做好防控和保障工作 精准防范疫情输入输出,2020年3月13日
1547,抗疫情抓生产 筑堡垒当先锋（让党旗在防控疫情斗争第一线高高飘扬）,2020年3月13日
1548,最高法发布十个典型案例，指导依法惩处涉疫情犯罪 简案快审 难案精审,2020年3月13日
1549,涉疫情犯罪近四成为诈骗,2020年3月13日
1550,北京在职党员回社区报到参与疫情防控 在职党员顶岗 社工安心轮休,2020年3月13日
1551,世卫组织称新冠肺炎疫情具备“大流行”特征,2020年3月13日
1552,患难见真情 共同抗疫情（记者观察）,2020年3月13日
1553,战疫情不误春耕生产 田野焕发勃勃生机 稳住农业，新技术显身手（全面小康，“三农”怎么干③）,2020年3月13日
1554,李克强主持召开中央应对新冠肺炎疫情工作领导小组会议 要求根据疫情形势变化分区分级做好防控和保障工作 精准防范疫情输入输出,2020年3月13日
1555,每次操作都是生死考验（来自疫情防控一线的报道）,2020年3月13日
1556,为全球抗击疫情注入信心（和音）（——抗击疫情离不开命运共同体意识(16)）,2020年3月13日
1557,外国政党政要和知名人士积极评价中方抗击疫情的经验做法,2020年3月13日
1558,中联部向外国政党介绍中国疫情防控经验做法,2020年3月13日
1559,团结一心 携手并进（患难见真情 共同抗疫情）,2020年3月13日
1560,共铸首都疫情防控铜墙铁壁（让党旗在防控疫情斗争第一线高高飘扬）,2020年3月13日
1561,一鼓作气抗击疫情不懈怠,2020年3月13日
1562,抗疫情抓生产 筑堡垒当先锋（让党旗在防控疫情斗争第一线高高飘扬）,2020年3月13日
1563,李克强主持召开国务院常务会议（确定应对疫情影响稳外贸稳外资的新举措；部署进一步畅通产业链资金链，推动各环节协同复工复产；要求更好发挥专项再贷款再贴现政策作用，支持疫情防控保供和企业纾困发展）,2020年3月12日
1564,欧洲多国加强新冠肺炎疫情防控（国际视点）,2020年3月12日
1565,疫情防控期间，大量政务服务、司法服务搬上“云端”—— 政务一键办 庭审搬上网（法治头条）,2020年3月12日
1566,李克强主持召开国务院常务会议（确定应对疫情影响稳外贸稳外资的新举措；部署进一步畅通产业链资金链，推动各环节协同复工复产；要求更好发挥专项再贷款再贴现政策作用，支持疫情防控保供和企业纾困发展）,2020年3月12日
1567,全国180万环卫工人疫情期间在岗率超九成（国务院联防联控机制发布会）,2020年3月12日
1568,“为中国和世界抗击疫情注入信心与力量”,2020年3月12日
1569,超越国界的互助（患难见真情 共同抗疫情）,2020年3月12日
1570,加强疫情防控必须慎终如始（人民论坛）,2020年3月12日
1571,我们社区无疫情,2020年3月12日
1572,在疫情防控中书写“民生答卷”（评论员观察）,2020年3月12日
1573,在疫情防控斗争中经受重大考验（有的放矢）,2020年3月12日
1574,习近平在湖北省考察新冠肺炎疫情防控工作 看望慰问奋战在一线的医务工作者解放军指战员社区工作者公安干警基层干部下沉干部志愿者和居民群众时强调 毫不放松抓紧抓实抓细各项防控工作 坚决打赢湖北保卫战武汉保卫战,2020年3月11日
1575,在防控疫情的四十多天里，湖北省妇幼保健院—— 三千多名新生儿无一感染,2020年3月11日
1576,疫情考验下，帮扶不松劲，福建安溪—— 打赢防疫脱贫两场硬仗,2020年3月11日
1577,世卫组织呼吁各国果断应对疫情,2020年3月11日
1578,患难见真情 共同抗疫情（国际视野）,2020年3月11日
1579,船员疫情防控操作指南发布（资讯速递）,2020年3月11日
1580,推动在线教育迈向高质量发展（消费视窗·降低疫情影响 稳定居民消费③）,2020年3月11日
1581,疫情期间，在线教学成常态（延伸阅读）,2020年3月11日
1582,统筹抓好新冠肺炎疫情防控和森林草原火灾防范工作 及时排查消除隐患 保障人民群众生命财产安全,2020年3月11日
1583,7436万多名党员踊跃捐款支持疫情防控工作,2020年3月11日
1584,习近平在湖北省考察新冠肺炎疫情防控工作 看望慰问奋战在一线的医务工作者解放军指战员社区工作者公安干警基层干部下沉干部志愿者和居民群众时强调 毫不放松抓紧抓实抓细各项防控工作 坚决打赢湖北保卫战武汉保卫战,2020年3月11日
1585,武汉方舱医院全部休舱（来自疫情防控一线的报道）,2020年3月11日
1586,生命方舟 温暖永在（来自疫情防控一线的报道）,2020年3月11日
1587,“医生们对我太好了”（来自疫情防控一线的报道）,2020年3月11日
1588,守严守牢疫情防控的关键防线（让党旗在防控疫情斗争第一线高高飘扬）（——全国城市社区党组织和广大党员全力打好疫情防控人民战争）,2020年3月11日
1589,闻令即动 勇挑重担（让党旗在防控疫情斗争第一线高高飘扬）,2020年3月11日
1590,“疫情不退，我们不退”（一方有难 八方支援）,2020年3月11日
1591,不获全胜决不轻言成功（来自疫情防控一线的报道）,2020年3月10日
1592,李克强主持召开中央应对新冠肺炎疫情工作领导小组会议 部署深化防控国际合作防范疫情输出输入 强调在疫情防控中激励真抓实干务求实效,2020年3月10日
1593,疫情将重挫全球外国直接投资,2020年3月10日
1594,疫情防得住 发展搞得好（深度关注）,2020年3月10日
1595,车轮上 与时间赛跑（来自疫情防控一线的报道）,2020年3月10日
1596,李克强主持召开中央应对新冠肺炎疫情工作领导小组会议 部署深化防控国际合作防范疫情输出输入 强调在疫情防控中激励真抓实干务求实效,2020年3月10日
1597,“中国为各国共抗疫情作出了重要贡献”（患难见真情 共同抗疫情）（——国际组织、外国学术和智库机构人士高度评价中国疫情防控取得积极成效）,2020年3月10日
1598,“关键时刻，更见中国制度优势”（——外媒高度评价中国疫情防控举措）,2020年3月10日
1599,“疫情让我们更加团结”,2020年3月10日
1600,中方向世卫组织捐款将用于疫情防控等指定用途,2020年3月10日
1601,疫情防控要抓重点（人民论坛）,2020年3月10日
1602,志愿服务抢着上 疫情防控有担当（一线抗疫群英谱）,2020年3月10日
1603,不获全胜决不轻言成功（来自疫情防控一线的报道）,2020年3月10日
1604,疫情防控淬炼文明素养（一线视角）,2020年3月10日
1605,湖北神农架林区加强疫情防控工作—— 照顾好每一位滞留游客,2020年3月10日
1606,统筹打好疫情防控阻击战和脱贫攻坚战（人民要论）,2020年3月10日
1607,奋力夺取疫情防控人民战争胜利（有的放矢）,2020年3月10日
1608,习近平向奋战在疫情防控第一线和各条战线的广大妇女同胞表示诚挚的慰问,2020年3月9日
1609,统筹推进疫情防控和脱贫攻坚,2020年3月9日
1610,并肩作战 小家大爱（来自疫情防控一线的报道）,2020年3月9日
1611,创新工作方式，统筹推进疫情防控和脱贫攻坚 这个春天，扶贫干部格外忙（干部状态新观察·提升贫困治理能力）,2020年3月9日
1612,“面对风险，更需要坚定的信仰”（让党旗在防控疫情斗争第一线高高飘扬）,2020年3月9日
1613,患难见真情 共同抗疫情（国际视野）,2020年3月9日
1614,稳健的货币政策更加注重灵活适度，支持疫情防控和经济社会发展 为复工复产注入金融活水（财经眼·宏观政策加力 对冲疫情影响②）,2020年3月9日
1615,电力大数据支持疫情防控,2020年3月9日
1616,武汉已有11家方舱医院休舱（来自疫情防控一线的报道）,2020年3月9日
1617,“他们平安，我才放心”（来自疫情防控一线的报道）,2020年3月9日
1618,“我们持续看好中国市场”（患难见真情 共同抗疫情）,2020年3月9日
1619,以发展之力筑牢人类共同防线（和音）（——抗击疫情离不开命运共同体意识）,2020年3月9日
1620,守望相助 共克时艰（患难见真情 共同抗疫情）,2020年3月9日
1621,图片报道（患难见真情 共同抗疫情）,2020年3月9日
1622,“永远与中国人民站在一起”（患难见真情 共同抗疫情）,2020年3月9日
1623,用心服务是最好的防控（让党旗在防控疫情斗争第一线高高飘扬）,2020年3月9日
1624,疫情防控是对在线政务服务能力和水平的一次检验。数据共享平台怎样发挥应有作用，读者纷纷来信讨论—— 数据共享平台如何用得更好（来信综述）,2020年3月9日
1625,中央应对新冠肺炎疫情工作领导小组印发《通知》 进一步做好疫情防控期间困难群众兜底保障工作,2020年3月8日
1626,又上战场 再挑重担（来自疫情防控一线的报道）,2020年3月8日
1627,患难见真情 共同抗疫情,2020年3月8日
1628,评选表彰新冠肺炎疫情防控一线女医务人员（集体）全国三八红旗手（集体）,2020年3月8日
1629,中央应对新冠肺炎疫情工作领导小组印发《通知》 进一步做好疫情防控期间困难群众兜底保障工作,2020年3月8日
1630,奋战抗疫一线的子弟兵给武汉战胜疫情增添了力量和信心—— “有解放军在，我们安心”（记者探营）,2020年3月8日
1631,众志成城 战胜疫情（金台点兵）,2020年3月8日
1632,坚决克服新冠肺炎疫情影响 坚决夺取脱贫攻坚战全面胜利,2020年3月7日
1633,加强防控国际合作防范疫情输入输出 有力畅通物流促进经济社会发展,2020年3月7日
1634,疫情防控科研工作取得积极成效(国务院联防联控机制发布会),2020年3月7日
1635,外国政党领导人积极评价中国同世界分享疫情防控经验,2020年3月7日
1636,“艰难时刻更显责任担当”（患难见真情 共同抗疫情）,2020年3月7日
1637,慎终如始加强疫情防控,2020年3月7日
1638,加强防控国际合作防范疫情输入输出 有力畅通物流促进经济社会发展,2020年3月7日
1639,战疫一线“她力量”（来自疫情防控一线的报道）,2020年3月7日
1640,李克强主持召开中央应对新冠肺炎疫情工作领导小组会议 要求增强防控工作针对性有效性 把关心关爱一线医务人员措施落到实处 进一步做好疫情防控期间困难群众兜底保障工作,2020年3月6日
1641,各级财政投入疫情防控资金1104.8亿元,2020年3月6日
1642,雷锋精神 在志愿者身上闪耀（来自疫情防控一线的报道）,2020年3月6日
1643,守护疫情防控前沿阵地,2020年3月6日
1644,力争疫情防控和冬奥筹办两不误,2020年3月6日
1645,“万众一心，这场战役中国会赢”（患难见真情 共同抗疫情）（——世界知名足球队声援中国抗击新冠肺炎疫情）,2020年3月6日
1646,“衷心希望新冠肺炎疫情早日被战胜”,2020年3月6日
1647,李克强主持召开中央应对新冠肺炎疫情工作领导小组会议 要求增强防控工作针对性有效性 把关心关爱一线医务人员措施落到实处 进一步做好疫情防控期间困难群众兜底保障工作,2020年3月6日
1648,充分保障疫情防控和“三保”经费（国务院联防联控机制发布会）,2020年3月6日
1649,为全球公共卫生事业作出贡献（患难见真情 共同抗疫情）,2020年3月6日
1650,中国坚守在疫情防控的最前线,2020年3月6日
1651,各国各类政党积极支持中国疫情防控工作,2020年3月6日
1652,依法统筹推进疫情防控和经济社会发展,2020年3月6日
1653,防控不松懈 春耕正当时（来自疫情防控一线的报道）,2020年3月6日
1654,发挥统一战线优势应对疫情挑战（治理之道）,2020年3月6日
1655,有足够韧性和回旋余地化解疫情影响 疫情不会改变我国经济发展基本面(热点辨析),2020年3月6日
1656,研究当前新冠肺炎疫情防控和稳定经济社会运行重点工作,2020年3月5日
1657,中央应对新冠肺炎疫情工作领导小组印发《通知》 全面落实疫情防控一线城乡社区工作者关心关爱措施,2020年3月5日
1658,广大党员继续踊跃捐款支持疫情防控工作,2020年3月5日
1659,科研攻关 铸造战疫利器（来自疫情防控一线的报道）,2020年3月5日
1660,山东省任城监狱疫情事件已查清,2020年3月5日
1661,向企业派驻疫情防控指导员和复工联络员 安徽阜阳 防疫复工两不误,2020年3月5日
1662,加强国际合作 应对疫情挑战,2020年3月5日
1663,美国新冠肺炎疫情蔓延引担忧,2020年3月5日
1664,面对疫情，全国政协建言资政和凝聚共识双向发力—— 政协提案建立“快速通道”（人民政协新实践）,2020年3月5日
1665,疫情防控形势积极向好态势正在拓展,2020年3月5日
1666,中央应对新冠肺炎疫情工作领导小组印发《通知》 全面落实疫情防控一线城乡社区工作者关心关爱措施,2020年3月5日
1667,疫情隔离不了爱和勇气（我们的心声）,2020年3月5日
1668,凝聚共同战斗的精神力量（和音）（——抗击疫情离不开命运共同体意识（14））,2020年3月5日
1669,“中国集中力量办大事的制度优势充分彰显”（患难见真情 共同抗疫情）（——国际社会高度评价中国疫情防控取得积极成效）,2020年3月5日
1670,志愿之光 温暖你我（来自疫情防控一线的报道）（——战斗在抗击疫情一线的志愿者综述）,2020年3月5日
1671,用逆周期调节对冲疫情影响（评论员观察）,2020年3月5日
1672,确保疫情防得住、发展搞得好（声音）,2020年3月5日
1673,构筑群防群治的严密防线（让党旗在防控疫情斗争第一线高高飘扬）（——福建各地基层社区疫情防控扫描）,2020年3月5日
1674,同心战疫情 凝聚正能量,2020年3月5日
1675,争分夺秒，与疫情赛跑（一方有难 八方支援）,2020年3月5日
1676,有信心有能力有把握打赢疫情防控阻击战（人民要论）,2020年3月5日
1677,推动疫情防控形势更加积极向好,2020年3月5日
1678,为疫情防控提供语言服务（新知新觉）,2020年3月5日
1679,为打赢疫情防控阻击战提供强大科技支撑,2020年3月4日
1680,李克强主持召开国务院常务会议（部署完善“六稳”工作协调机制，有效应对疫情影响促进经济社会平稳运行；确定支持交通运输快递等物流业纾解困难加快恢复发展的措施；决定加大对地方财政支持，提高保基本民生保工资保运转能力）,2020年3月4日
1681,各地在抗疫斗争一线发展党员，为打赢疫情防控阻击战提供坚强组织保证—— “火线”入党，集聚更强战疫力量,2020年3月4日
1682,中央应对新冠肺炎疫情工作领导小组印发《当前春耕生产工作指南》,2020年3月4日
1683,忙执勤、做防疫、送物资、筹捐助，各地退伍老兵驰援疫情防控一线—— “疫情不退，战斗不止”,2020年3月4日
1684,各地在抗疫斗争一线发展党员，为打赢疫情防控阻击战提供坚强组织保证—— “火线”入党，集聚更强战疫力量,2020年3月4日
1685,须防极端天气影响疫情防控,2020年3月4日
1686,德国加强新冠肺炎疫情防控,2020年3月4日
1687,患难见真情 共同抗疫情（国际视野）,2020年3月4日
1688,餐饮业探索“无接触服务”（消费视窗·降低疫情影响 稳定居民消费②）,2020年3月4日
1689,宁可备而不用 不可用而无备（来自疫情防控一线的报道）,2020年3月4日
1690,各级财政安排疫情防控资金超千亿元（国务院联防联控机制发布会）,2020年3月4日
1691,李克强主持召开国务院常务会议（部署完善“六稳”工作协调机制，有效应对疫情影响促进经济社会平稳运行；确定支持交通运输快递等物流业纾解困难加快恢复发展的措施；决定加大对地方财政支持，提高保基本民生保工资保运转能力）,2020年3月4日
1692,中央应对新冠肺炎疫情工作领导小组印发《当前春耕生产工作指南》,2020年3月4日
1693,彭丽媛复信斯里兰卡德薇女子学校学生（感谢她们支持中国抗击疫情）,2020年3月4日
1694,听，人类命运共同体的大合唱（——中国同国际社会携手抗击新冠肺炎疫情述评）,2020年3月4日
1695,“中国为世界公共卫生安全作出重要贡献”（患难见真情 共同抗疫情）,2020年3月4日
1696,中央应对新型冠状病毒感染肺炎疫情工作领导小组关于印发当前春耕生产工作指南的通知,2020年3月4日
1697,以辩证思维统筹疫情防控和经济社会发展（人民要论）,2020年3月4日
1698,推动非疫情防控重点地区企事业单位复工复产 把疫情对经济社会发展的影响降到最低（新知新觉）,2020年3月4日
1699,协同推进新冠肺炎防控科研攻关 为打赢疫情防控阻击战提供科技支撑,2020年3月3日
1700,中央和国家机关在广大党员中积极开展自愿捐款支持新冠肺炎疫情防控工作 党和国家领导同志带头捐款,2020年3月3日
1701,李克强主持召开中央应对新冠肺炎疫情工作领导小组会议 部署做好下一步防控工作 加强对防控一线社区工作者关心关爱 统筹推进疫情防控和春耕生产,2020年3月3日
1702,战疫，发挥中医药独特优势（来自疫情防控一线的报道）,2020年3月3日
1703,“抗击疫情，我们竭尽全力”,2020年3月3日
1704,党员干部带头，一手抓疫情防控，一手抓复工复产 广东规模以上企业九成复工（前沿观察）,2020年3月3日
1705,疫情防控中要关照好困难群体（红船观澜）,2020年3月3日
1706,为打赢疫情防控阻击战提供科技支撑,2020年3月3日
1707,“我们对中国经济韧性和长期竞争力充满信心”(患难见真情 共同抗疫情),2020年3月3日
1708,外国政党领导人和知名人士积极评价中方抗击新冠肺炎疫情为世界作出的贡献,2020年3月3日
1709,我们必须团结一致抗击疫情(国际论坛),2020年3月3日
1710,协同推进新冠肺炎防控科研攻关 为打赢疫情防控阻击战提供科技支撑,2020年3月3日
1711,中央和国家机关在广大党员中积极开展自愿捐款支持新冠肺炎疫情防控工作 党和国家领导同志带头捐款,2020年3月3日
1712,李克强主持召开中央应对新冠肺炎疫情工作领导小组会议 部署做好下一步防控工作 加强对防控一线社区工作者关心关爱 统筹推进疫情防控和春耕生产,2020年3月3日
1713,为抗击疫情保驾护航（一线抗疫群英谱）,2020年3月3日
1714,新冠肺炎疫情期间，网上复诊医保可报销,2020年3月3日
1715,各民主党派积极参与新冠肺炎疫情防控阻击战—— “万众一心，就没有克服不了的困难”,2020年3月3日
1716,用法治思维和法治方式推进疫情防控（人民要论）,2020年3月3日
1717,数字技术在疫情防控中大有可为（大家手笔）,2020年3月3日
1718,提升智库服务疫情防控能力（有的放矢）,2020年3月3日
1719,抗疫情，京东保障医疗应急物资和生活必需品供应 线上不打烊 线下及时送,2020年3月2日
1720,患难见真情 共同抗疫情（国际视野）,2020年3月2日
1721,财政政策有力保障疫情防控，助力经济社会发展 夺取“双胜利” 财政正发力（财经眼·宏观政策加力 对冲疫情影响①）,2020年3月2日
1722,阳光保险集团多措并举抗击疫情（财经短波）,2020年3月2日
1723,税务总局详解12项疫情防控税收优惠政策 抗击疫情，这些税收有优惠（理财参谋）,2020年3月2日
1724,西藏坚决打赢疫情防控阻击战,2020年3月2日
1725,“中方用行动为我们注入了信心”（患难见真情 共同抗疫情）,2020年3月2日
1726,战“疫”行动，需要平等之光照耀（和音）（——抗击疫情离不开命运共同体意识（13））,2020年3月2日
1727,突尼斯举办音乐会声援中国抗击疫情,2020年3月2日
1728,广大党员踊跃捐款抗击疫情,2020年3月2日
1729,“疫情就是考验，我必须冲锋在前”（一线抗疫群英谱）,2020年3月2日
1730,全力做好北京疫情防控工作（评论员观察）,2020年3月2日
1731,一省援三市 同心抗疫情 山西 倾心倾力援助湖北（对口支援 19省份在行动）,2020年3月2日
1732,围绕统筹推进疫情防控和经济社会发展话题，各地读者纷纷建言献策—— 返城复工“堵点”如何疏解（来信综述·面对疫情，我们怎么做④）,2020年3月2日
1733,支持新冠肺炎疫情防控工作 全国1037万多名党员自愿捐款11.8亿元,2020年3月1日
1734,冲锋在一线 用心到极致(来自疫情防控一线的报道),2020年3月1日
1735,北京再发十二条通告严格疫情防控,2020年3月1日
1736,“向世界展示中国社会的团结有序”（——国际友人通过多种形式支持中国抗击疫情）,2020年3月1日
1737,世卫组织将新冠肺炎疫情全球风险级别上调至“非常高”,2020年3月1日
1738,老单的最后三十天（让党旗在防控疫情斗争第一线高高飘扬）,2020年3月1日
1739,“疫情就是命令！”（让党旗在防控疫情斗争第一线高高飘扬）,2020年3月1日
1740,发放居民消费券、减免企业税费、保障防控疫情物资供应…… 澳门提振经济保民生（濠江在线）,2020年3月1日
1741,携手打赢这场疫情防控阻击战,2020年3月1日
1742,更大力度开展试剂药品疫苗攻关 增强科学防治战胜疫情的能力和信心,2020年2月29日
1743,进一步做好民政服务机构疫情防控工作,2020年2月29日
1744,国务院应对新型冠状病毒感染肺炎疫情联防联控机制 关于进一步做好民政服务机构疫情防控工作的通知,2020年2月29日
1745,更大力度开展试剂药品疫苗攻关 增强科学防治战胜疫情的能力和信心,2020年2月29日
1746,元首外交，凝聚信心与力量（和音）（——抗击疫情离不开命运共同体意识(12)）,2020年2月29日
1747,外国政党和社会组织支持中国抗击新冠肺炎疫情,2020年2月29日
1748,李克强主持召开中央应对新冠肺炎疫情工作领导小组会议 进一步部署降低病亡率和保障生活必需品供应 要求细化重点人群疫情防控措施 加强防控国际合作,2020年2月28日
1749,环卫工人的责任与担当（来自疫情防控一线的报道）,2020年2月28日
1750,北京3762名疫情防控工作人员申请入党 战疫一线 践行初心,2020年2月28日
1751,疫情防控保障到位 争分夺秒安全作业 北京冬奥支线轨道交通建设复工,2020年2月28日
1752,亚足联宣布将召集紧急会议讨论疫情影响,2020年2月28日
1753,世卫组织呼吁团结应对新冠肺炎疫情,2020年2月28日
1754,患难见真情 共同抗疫情（国际视野）,2020年2月28日
1755,既抗疫情又战脱贫（话说新农村）,2020年2月28日
1756,中医药辨证施治展身手（来自疫情防控一线的报道）,2020年2月28日
1757,“我们始终和中国政府、中国人民在一起”（患难见真情 共同抗疫情）（——多国卫生部门官员、医学界人士高度评价中国疫情防控工作）,2020年2月28日
1758,胡春华强调努力克服疫情影响 确保实现决战脱贫攻坚目标任务,2020年2月28日
1759,李克强主持召开中央应对新冠肺炎疫情工作领导小组会议 进一步部署降低病亡率和保障生活必需品供应 要求细化重点人群疫情防控措施 加强防控国际合作,2020年2月28日
1760,“疫情不结束，我们不撤退”（来自疫情防控一线的报道）,2020年2月28日
1761,分区施策，完善差异化防控策略（评论员观察）（——把疫情防控工作抓细抓实④）,2020年2月28日
1762,分析新冠肺炎疫情形势研究近期防控重点工作（中共中央总书记习近平主持会议 响应党中央对广大党员的号召，习近平李克强栗战书汪洋王沪宁赵乐际韩正同志为支持新冠肺炎疫情防控工作捐款）,2020年2月27日
1763,习近平总书记统筹推进新冠肺炎疫情防控和经济社会发展工作部署会议重要讲话为武汉广大干部群众提振抗击疫情必胜信心—— 打好武汉保卫战 不获全胜不收兵,2020年2月27日
1764,统筹推进疫情防控和经济社会发展工作,2020年2月27日
1765,疫情防控经费投入超千亿元,2020年2月27日
1766,湖北 力保生活物资供应(来自疫情防控一线的报道),2020年2月27日
1767,疫情期间，各地公共文化机构提供丰富多样的服务 文艺时光 “云”端绽放（解码）,2020年2月27日
1768,疫情医疗废物、医疗废水处理处置平稳有序,2020年2月27日
1769,为抗击疫情助力 为经济发展护航,2020年2月27日
1770,欧盟积极应对新冠肺炎疫情,2020年2月27日
1771,哈总理祝愿中国早日打赢疫情防控阻击战,2020年2月27日
1772,疫情期间，江苏常州打造“不打烊”的法律云服务 立案网上办 开庭不见面,2020年2月27日
1773,依法保障疫情防控期间复工复产,2020年2月27日
1774,“中国展现了惊人的集体行动力与合作精神”（患难见真情 共同抗疫情）,2020年2月27日
1775,复工复产，中国自有底气（和音）（——抗击疫情离不开命运共同体意识（11））,2020年2月27日
1776,美国在中国抗击疫情中表现如何？（国际论坛）,2020年2月27日
1777,习近平总书记统筹推进新冠肺炎疫情防控和经济社会发展工作部署会议重要讲话为武汉广大干部群众提振抗击疫情必胜信心—— 打好武汉保卫战 不获全胜不收兵,2020年2月27日
1778,在抗疫战场接受考验（让党旗在防控疫情斗争第一线高高飘扬）,2020年2月27日
1779,为统筹推进疫情防控和经济社会发展提供有力法治保障,2020年2月27日
1780,抓紧做好在新冠肺炎疫情防控第一线发展党员工作,2020年2月27日
1781,分类指导，做到精准高效防控（评论员观察）（——把疫情防控工作抓细抓实③）,2020年2月27日
1782,在抗击疫情斗争中体现山西担当（声音）,2020年2月27日
1783,菜篮子，拎到家门口（来自疫情防控一线的报道）（——实地探访襄阳市抗击疫情工作）,2020年2月27日
1784,统筹推进疫情防控和经济社会发展工作 贵州 确保打赢两场硬仗,2020年2月27日
1785,统筹推进疫情防控和经济社会发展工作 云南 强化统筹精准施策,2020年2月27日
1786,抗击疫情北京榜样在行动,2020年2月27日
1787,统筹推进疫情防控和经济社会发展（人民要论）,2020年2月27日
1788,坚决打赢疫情防控的人民战争（思想纵横）,2020年2月27日
1789,把农业基础打得更牢 把“三农”领域短板补得更实 为打赢疫情防控阻击战 实现全年经济社会发展目标任务提供有力支撑,2020年2月26日
1790,习近平《在统筹推进新冠肺炎疫情防控和经济社会发展工作部署会议上的讲话》单行本出版,2020年2月26日
1791,李克强主持召开国务院常务会议（对中小微企业贷款给予临时性延期还本付息安排，并新增优惠利率贷款；部署对个体工商户加大扶持，帮助缓解疫情影响纾困解难）,2020年2月26日
1792,疫情防控不获全胜决不轻言成功,2020年2月26日
1793,探访荆州市抗击疫情现场—— “更严防控，不可大意！”（来自疫情防控一线的报道）,2020年2月26日
1794,疫情防控到位 有序复工复产（人民眼·有序复工复产）,2020年2月26日
1795,医院建设、物资运送、巡防管控……卫星导航系统助力疫情防控 科技战疫 北斗驰援（解码）,2020年2月26日
1796,妈妈前方抗疫情 老师给我当妈妈,2020年2月26日
1797,“世界各国是休戚与共的命运共同体”（——国际科技组织和知名科学家呼吁全球携手应对新冠肺炎疫情）,2020年2月26日
1798,非洲国家探讨新冠肺炎疫情防控工作,2020年2月26日
1799,患难见真情 共同抗疫情（国际视野）,2020年2月26日
1800,复工复产，我们协力同心！（产经观察·防控疫情，企业在行动④）,2020年2月26日
1801,应对疫情带来的冲击 住宿行业 积极自救转型升级（消费视窗·降低疫情影响 稳定居民消费①）,2020年2月26日
1802,抓实抓细抓落地 奋力夺取双胜利（——习近平总书记在统筹推进新冠肺炎疫情防控和经济社会发展工作部署会议上的重要讲话引发强烈反响）,2020年2月26日
1803,统筹做好疫情防控和复工复产等改革发展工作,2020年2月26日
1804,分区分级做好疫情防控工作,2020年2月26日
1805,“中国用实际行动展现了负责任大国形象”（患难见真情 共同抗疫情）（——国际社会积极支持中国打赢疫情防控阻击战）,2020年2月26日
1806,李克强主持召开国务院常务会议（对中小微企业贷款给予临时性延期还本付息安排，并新增优惠利率贷款；部署对个体工商户加大扶持，帮助缓解疫情影响纾困解难）,2020年2月26日
1807,疫情不影响中国经济社会发展长期目标,2020年2月26日
1808,做好党员自愿捐款指导服务 支持新冠肺炎疫情防控,2020年2月26日
1809,“智慧城市”建设助力疫情防控（人民时评）,2020年2月26日
1810,统筹好疫情防控与脱贫攻坚（一线视角）,2020年2月26日
1811,坚决打赢疫情防控的人民战争总体战阻击战（人民要论）,2020年2月26日
1812,做好疫情防控须创新社会治理(大家手笔),2020年2月26日
1813,发挥智库在疫情防控中的作用（有的放矢）,2020年2月26日
1814,英雄的城市 英雄的人民（——献给疫情防控斗争中的武汉人民）,2020年2月25日
1815,咬定青山不放松，不破楼兰终不还（——习近平总书记在统筹推进新冠肺炎疫情防控和经济社会发展工作部署会议上的重要讲话引发强烈反响）,2020年2月25日
1816,李克强主持召开中央应对新冠肺炎疫情工作领导小组会议 推动武汉市进一步加强防疫和救治工作 部署落实分区分级差异化疫情防控策略,2020年2月25日
1817,快递的速度 温暖的力量（来自疫情防控一线的报道）,2020年2月25日
1818,英雄的城市 英雄的人民（——献给疫情防控斗争中的武汉人民）,2020年2月25日
1819,筑牢疫情防线，兜住民生底线（越是发生疫情 越要保障民生⑤）,2020年2月25日
1820,内蒙古保障疫情防控期间困难群众基本生活,2020年2月25日
1821,巴黎圣日耳曼队为抗击疫情加油,2020年2月25日
1822,金发科技 保障供应助力坚决打赢疫情防控阻击战,2020年2月25日
1823,外国政党领导人积极评价中方抗击新冠肺炎疫情取得重要进展,2020年2月25日
1824,中国一定能战胜疫情（国际论坛）,2020年2月25日
1825,意大利积极应对新冠肺炎疫情,2020年2月25日
1826,疫情防控复工复产两手抓（前沿观察）,2020年2月25日
1827,李克强主持召开中央应对新冠肺炎疫情工作领导小组会议 推动武汉市进一步加强防疫和救治工作 部署落实分区分级差异化疫情防控策略,2020年2月25日
1828,咬定青山不放松，不破楼兰终不还（——习近平总书记在统筹推进新冠肺炎疫情防控和经济社会发展工作部署会议上的重要讲话引发强烈反响）,2020年2月25日
1829,“中国树立了世界防疫的典范”(患难见真情 共同抗疫情)（——习近平主席统筹推进新冠肺炎疫情防控和经济社会发展工作部署会议重要讲话在国际社会引起热烈反响）,2020年2月25日
1830,完善治理，中国探索提供重要启示（和音）（——抗击疫情离不开命运共同体意识⑩）,2020年2月25日
1831,统筹兼顾，实现协同联动（评论员观察）（——把疫情防控工作抓细抓实②）,2020年2月25日
1832,疫情防控一定要“较真”（一线视角）,2020年2月25日
1833,政策密集出台 对冲疫情影响,2020年2月25日
1834,金融支持疫情防控和复工复产（国务院联防联控机制发布会）,2020年2月25日
1835,河南毫不动摇抓牢疫情防控，精准施策抓好复工复产 打好防疫复工组合拳（统筹抓好改革发展稳定各项工作）,2020年2月25日
1836,抗疫情 保春耕,2020年2月25日
1837,科学应对疫情对农业农村经济的影响（人民要论）,2020年2月25日
1838,习近平在统筹推进新冠肺炎疫情防控和经济社会发展工作部署会议上强调 毫不放松抓紧抓实抓细防控工作 统筹做好经济社会发展各项工作,2020年2月24日
1839,我们一定能战胜疫情，保持良好发展势头（——习近平总书记在统筹推进新冠肺炎疫情防控和经济社会发展工作部署会议上的重要讲话引发强烈反响）,2020年2月24日
1840,疫情期间保通畅,2020年2月24日
1841,在疫情防控工作中，各地多措并举激励担当作为—— 关爱到一线 干部加油干（干部状态新观察）,2020年2月24日
1842,全国生态环境质量未受疫情影响,2020年2月24日
1843,环保支出要向受疫情影响较重市县倾斜,2020年2月24日
1844,韩国强化新冠肺炎疫情防控措施,2020年2月24日
1845,患难见真情 共同抗疫情(国际视野),2020年2月24日
1846,疫情防控期间，金融服务有变化(理财参谋),2020年2月24日
1847,科技提升防控疫情战斗力(创新谈),2020年2月24日
1848,在统筹推进新冠肺炎疫情防控和经济社会发展工作部署会议上的讲话,2020年2月24日
1849,“我们对中国经济未来增长保持乐观”（患难见真情 共同抗疫情）,2020年2月24日
1850,习近平在统筹推进新冠肺炎疫情防控和经济社会发展工作部署会议上强调 毫不放松抓紧抓实抓细防控工作 统筹做好经济社会发展各项工作,2020年2月24日
1851,中央应对新冠肺炎疫情工作领导小组印发通知 全面落实进一步保护关心爱护医务人员若干措施,2020年2月24日
1852,我们一定能战胜疫情，保持良好发展势头（——习近平总书记在统筹推进新冠肺炎疫情防控和经济社会发展工作部署会议上的重要讲话引发强烈反响）,2020年2月24日
1853,突出重点，带动全方位工作的推进（评论员观察）（——把疫情防控工作抓细抓实①）,2020年2月24日
1854,为疫情防控筑牢法治堤坝（人民时评）,2020年2月24日
1855,防控疫情必须时刻在状态（来论）,2020年2月24日
1856,同心协力共克时艰（大家谈·同心打赢疫情防控阻击战④）,2020年2月24日
1857,武汉疫情防控招募专项志愿者报名人数破万—— “推开门，就见到志愿者的微笑”,2020年2月24日
1858,深圳前海 疫情防控和复工复产“两手抓”,2020年2月24日
1859,为了快速阻断疫情传播（应收尽收 刻不容缓）,2020年2月24日
1860,搭建“瞭望哨” 构筑“防护墙”（来信综述·面对疫情，我们怎么做③）,2020年2月24日
1861,将战“疫”进行到底！（——写在武汉疫情防控的关键阶段）,2020年2月23日
1862,习近平给比尔·盖茨回信（感谢盖茨基金会支持中国抗击新冠肺炎疫情）,2020年2月23日
1863,在做好疫情防控工作的前提下 采取有效措施恢复正常交通运输秩序,2020年2月23日
1864,战胜疫情的中坚力量（一线抗疫群英谱）,2020年2月23日
1865,印发《企事业单位复工复产疫情防控措施指南》,2020年2月23日
1866,国务院应对新型冠状病毒感染肺炎疫情联防联控机制关于印发企事业单位复工复产疫情防控措施指南的通知,2020年2月23日
1867,“我们要与中国朋友共同奋斗”（患难见真情 共同抗疫情）（——在华外国友人支持中国抗击疫情）,2020年2月23日
1868,拿起画笔，为中国加油（患难见真情 共同抗疫情）,2020年2月23日
1869,图片报道（患难见真情 共同抗疫情）,2020年2月23日
1870,“中国定能赢得最终胜利”（患难见真情 共同抗疫情）,2020年2月23日
1871,世卫组织呼吁抓住遏制疫情蔓延“机会窗口”,2020年2月23日
1872,郭声琨在突击检查监管场所疫情防控工作时强调 以强有力措施打赢监管场所疫情防控这场硬仗,2020年2月23日
1873,将战“疫”进行到底！（——写在武汉疫情防控的关键阶段）,2020年2月23日
1874,战胜疫情的中坚力量（一线抗疫群英谱）,2020年2月23日
1875,在医护一线夜以继日守护生命，面对群众提供专业贴心的志愿服务筑牢疫情防线，利用互联网调集资源、传递正能量—— 战“疫”淬炼青春本色(青春派·青春奋进新时代⑩),2020年2月23日
1876,疫情暴发以来，解放军、武警和民兵等各方面力量始终奋战在疫情防控一线—— 战疫情，有我在！(军营之声),2020年2月23日
1877,抗击疫情，携手共书家国情,2020年2月23日
1878,研究新冠肺炎疫情防控工作 部署统筹 做好疫情防控和经济社会发展工作,2020年2月22日
1879,多措并举增加医疗防控物资生产供应 支持疫情防控防治保障有序复工复产,2020年2月22日
1880,为世界公共卫生事业尽责担当（和音）（——抗击疫情离不开命运共同体意识⑨）,2020年2月22日
1881,“我们对中国人民战胜疫情充满信心”（患难见真情 共同抗疫情）（——外国媒体高度评价中国抗击疫情努力）,2020年2月22日
1882,“中国必将战胜疫情”,2020年2月22日
1883,“战胜疫情，我的信心很足”（一线抗疫群英谱）,2020年2月22日
1884,重庆努力把疫情影响降到最低,2020年2月22日
1885,多措并举增加医疗防控物资生产供应 支持疫情防控防治保障有序复工复产,2020年2月22日
1886,中央政法委组成调查组赴山东调查任城监狱新冠肺炎疫情情况,2020年2月22日
1887,四川广大党员勇当抗疫先锋（让党旗在防控疫情斗争第一线高高飘扬）,2020年2月22日
1888,公安民警 用忠诚担当守护平安（来自疫情防控一线的报道）,2020年2月22日
1889,李克强主持召开中央应对新冠肺炎疫情工作领导小组会议 部署进一步加强一线医务人员防护加快药物有效应用 要求继续做好科学防控推动有序复工复产,2020年2月21日
1890,为疫情防控提供有力法治保障,2020年2月21日
1891,日本加大新冠肺炎疫情防控力度,2020年2月21日
1892,科学防治 战胜疫情（科技大观）,2020年2月21日
1893,防控疫情，老年人该怎么做？ 合理补充营养提高免疫力(名医讲堂),2020年2月21日
1894,暖心守护白衣战士（——各地多措并举关爱参与疫情防控工作医务人员）,2020年2月21日
1895,“为全球合作抗击疫情树立标杆”（患难见真情 共同抗疫情）,2020年2月21日
1896,外国政党领导人坚定支持中方战胜疫情并恢复经济发展,2020年2月21日
1897,李克强主持召开中央应对新冠肺炎疫情工作领导小组会议 部署进一步加强一线医务人员防护加快药物有效应用 要求继续做好科学防控推动有序复工复产,2020年2月21日
1898,在做好疫情防控同时抓好春耕备耕（评论员观察）,2020年2月21日
1899,筑牢疫情防控的“社区防线”（人民时评）,2020年2月21日
1900,深入理解和贯彻疫情防控工作总要求（人民要论）,2020年2月21日
1901,发挥中西医结合在疫情防控中的作用（大家手笔）,2020年2月21日
1902,防控疫情向世界展现负责任大国形象（新知新觉）,2020年2月21日
1903,引导群众正确理性看待疫情（有的放矢）,2020年2月21日
1904,务必高度重视对医务人员的保护关心爱护 确保医务人员持续健康投入战胜疫情斗争,2020年2月20日
1905,交通运输 畅通无阻的生命线(来自疫情防控一线的报道),2020年2月20日
1906,最高法要求疫情期间做好网上立案等工作 明确具体规则 规范在线诉讼,2020年2月20日
1907,为了千家万户，小哥不怕赶路（越是发生疫情　越要保障民生④）,2020年2月20日
1908,黑龙江加强农村饮水工程疫情防控,2020年2月20日
1909,降低疫情冲击 稳定企业发展（议政建言）,2020年2月20日
1910,防控疫情 雪中坚守,2020年2月20日
1911,凝心聚力战疫情（艺文观察）,2020年2月20日
1912,“中国一定能够赢得抗击疫情的胜利”（患难见真情 共同抗疫情）（——一些国家政要;前政要;国际组织负责人继续高度评价中国抗击疫情的不懈努力）,2020年2月20日
1913,守护文明精神的特殊战斗（和音）（——抗击疫情离不开命运共同体意识⑧）,2020年2月20日
1914,“和中国一道抗击疫情”（患难见真情 共同抗疫情）,2020年2月20日
1915,图片报道（患难见真情 共同抗疫情）,2020年2月20日
1916,“他们都是最令人钦佩的勇士”（患难见真情 共同抗疫情）,2020年2月20日
1917,郭声琨在政法系统疫情防控工作电视电话会议强调 构筑起疫情防控的严密防线,2020年2月20日
1918,疫情面前，于平凡中书写不凡,2020年2月20日
1919,大江东去，黄金水道船畅通（来自疫情防控一线的报道）（——实地探访三峡通航局抗击疫情工作）,2020年2月20日
1920,把政治优势转化为疫情防控工作优势（人民要论）,2020年2月20日
1921,以更坚定的信心打赢疫情防控阻击战（有的放矢）,2020年2月20日
1922,疫情防控要抓紧 脱贫攻坚不放松,2020年2月19日
1923,白衣战士赤子心 八方驰援抗疫情(人民眼·打好湖北保卫战),2020年2月19日
1924,大家铆足劲 物资供得上(越是发生疫情 越要保障民生③),2020年2月19日
1925,患难见真情 共同抗疫情(国际视野),2020年2月19日
1926,驰援一线、全力保供、倾情奉献，央企争相在疫情防控中当先锋做表率 企业“国家队” 抗疫勇担当（产经观察·防控疫情，企业在行动③）,2020年2月19日
1927,受疫情影响，线上买菜需求增多，但供给、服务等问题也亟待解决 线上买菜，电商开足马力保供应（消费视窗·生活性服务业如何升级⑤）,2020年2月19日
1928,科学防治精准施策分区分级做好新冠肺炎疫情防控工作,2020年2月19日
1929,疫情防控要抓紧 脱贫攻坚不放松,2020年2月19日
1930,传递信心决心，携手抗击疫情（患难见真情 共同抗疫情）（——中国驻外使领馆积极推动国际合作共抗疫情）,2020年2月19日
1931,“相信中国人民终将战胜挑战”（——“一带一路”新闻合作联盟媒体积极评价中国抗击疫情高效努力）,2020年2月19日
1932,把为民职责体现到疫情防控各环节（人民论坛）,2020年2月19日
1933,中央和国家机关要进一步加强疫情防控有关工作,2020年2月19日
1934,不仅是战友，更是知心朋友（来自疫情防控一线的报道）,2020年2月19日
1935,汇聚起抗击疫情的强大力量（一方有难 八方支援）,2020年2月19日
1936,防控疫情，下好全国一盘棋（评论员观察）,2020年2月19日
1937,疫情防控，善用法治力量（新论）,2020年2月19日
1938,切实做好各项防控工作（大家谈·同心打赢疫情防控阻击战③）,2020年2月19日
1939,李克强主持召开中央应对新冠肺炎疫情工作领导小组会议 部署继续做好湖北省特别是武汉市医疗救治和保障 在加强疫情防控的同时推动有序复工复产,2020年2月18日
1940,军队医护人员 越是艰险越向前(来自疫情防控一线的报道),2020年2月18日
1941,“疫情歧视”是对人权的无情挑战,2020年2月18日
1942,疫情期间，各地优化便民措施，满足群众办事需求 政务服务上线 百姓省心放心,2020年2月18日
1943,“疫情不退，我们不退！”,2020年2月18日
1944,守住社区防线，苦点累点也值（越是发生疫情 越要保障民生②）,2020年2月18日
1945,来自全国各地的医疗队迅速成立临时党组织，在抗击疫情的最前线冲锋陷阵 明知有危险 党员带头上（深度关注）,2020年2月18日
1946,以科学、理性、合作态度战胜疫情（患难见真情 共同抗疫情）（——国际社会呼吁加强团结打赢疫情防控阻击战）,2020年2月18日
1947,践行多边主义 合作应对挑战（和音）（——抗击疫情离不开命运共同体意识⑦）,2020年2月18日
1948,对日本国内新冠肺炎疫情发展感同身受,2020年2月18日
1949,统筹做好疫情防控和经济社会发展（评论员观察）,2020年2月18日
1950,以信息公开助力疫情防控(治理者说),2020年2月18日
1951,“党员多跑腿，居民少出门”（让党旗在防控疫情斗争第一线高高飘扬）,2020年2月18日
1952,“身为党员就要冲锋在前”（让党旗在防控疫情斗争第一线高高飘扬）,2020年2月18日
1953,27年党龄，生命定格在53岁（让党旗在防控疫情斗争第一线高高飘扬）,2020年2月18日
1954,重庆万州加强楼栋管控应对疫情—— 守好楼门 打开心门（社区防控，我们在行动）,2020年2月18日
1955,沧海横流显本色 战“疫”一线党旗红（——全国各领域基层党组织和广大党员奋力打好疫情防控阻击战）,2020年2月17日
1956,火线上的中流砥柱（来自疫情防控一线的报道）,2020年2月17日
1957,社区工作者 奋战在一线（来自疫情防控一线的报道）,2020年2月17日
1958,克服疫情影响 抓好脱贫攻坚（统筹抓好改革发展稳定各项工作）,2020年2月17日
1959,防控疫情 错峰返岗 主动帮扶 兰州新区九成企业已复工,2020年2月17日
1960,沧海横流显本色 战“疫”一线党旗红（——全国各领域基层党组织和广大党员奋力打好疫情防控阻击战）,2020年2月17日
1961,刚果（金）埃博拉疫情防控面临挑战,2020年2月17日
1962,患难见真情 共同抗疫情(国际视野)（新冠肺炎疫情是人类社会面临的共同挑战。疫情发生以来，国际社会高度关注，纷纷为中国抗击疫情加油鼓劲。许多国际友人表示，他们对中国打赢疫情防控阻击战充满信心）,2020年2月17日
1963,为民营、小微企业解决资金难题，大力支持疫情防控重点保障企业 金融战“疫”号角吹响（财经眼）,2020年2月17日
1964,防控疫情，科技人员在行动（科技视点）,2020年2月17日
1965,关键时刻，党员干部就得冲上去（让党旗在防控疫情斗争第一线高高飘扬）（——实地探访宜昌市抗击疫情工作）,2020年2月17日
1966,火线上的中流砥柱（来自疫情防控一线的报道）,2020年2月17日
1967,“真诚希望中国人民早日克服困难”（患难见真情 共同抗疫情）（——国际社会呼吁团结一心抗击疫情）,2020年2月17日
1968,疫情面前，美方做了什么（钟声）,2020年2月17日
1969,我们与你同在（患难见真情 共同抗疫情）,2020年2月17日
1970,“相信中国必能战胜疫情”（患难见真情 共同抗疫情）,2020年2月17日
1971,图片报道（患难见真情 共同抗疫情）,2020年2月17日
1972,“你们是最棒的”（患难见真情 共同抗疫情）,2020年2月17日
1973,城乡一体，抓实抓细疫情防控（评论员观察）,2020年2月17日
1974,江西 中西医结合应对疫情,2020年2月17日
1975,执法迈开腿 个人管住嘴(来信综述·面对疫情，我们怎么做②),2020年2月17日
1976,我们完全有信心打赢疫情防控阻击战（人民要论）,2020年2月17日
1977,在法治轨道上推进疫情防控（思想纵横）,2020年2月17日
1978,为打赢疫情防控阻击战提供有力保障（治理之道）,2020年2月17日
1979,在中央政治局常委会会议研究应对新型冠状病毒肺炎疫情工作时的讲话,2020年2月16日
1980,各级财政疫情防控补助资金已经超过900亿元,2020年2月16日
1981,金融系统全力支持抗击疫情和恢复生产(国务院联防联控机制发布会),2020年2月16日
1982,疫情防控，人民有力量！(来自疫情防控一线的报道)（——实地探访荆门市抗击疫情工作）,2020年2月16日
1983,战疫情 保生产,2020年2月16日
1984,“疫情不止，我们的行动不会停止”（患难见真情 共同抗疫情）（——海外华侨华人为抗击新冠肺炎疫情积极行动）,2020年2月16日
1985,凝聚科学防治强大合力（和音）（——抗击疫情离不开命运共同体意识⑥）,2020年2月16日
1986,“愿为早日战胜疫情竭尽所能”,2020年2月16日
1987,东盟发表主席声明支持中方抗击疫情的努力,2020年2月16日
1988,“一定要快点战胜疫情”（一线抗疫群英谱）,2020年2月16日
1989,保国利民 共克时艰（保利海南全力投入疫情防控 彰显央企责任担当）,2020年2月16日
1990,涓涓细流 寸寸丹心（侨界传真）（——海外华侨华人倾情支援祖（籍）国抗击疫情）,2020年2月16日
1991,完善重大疫情防控体制机制 健全国家公共卫生应急管理体系,2020年2月15日
1992,北京全力打好疫情防控阻击战(来自疫情防控一线的报道),2020年2月15日
1993,李克强赴北京西站考察有序错峰返程和新冠肺炎疫情防控时强调 完善错峰返程措施 加强交通疫情防控 统筹做好疫情防控和经济社会发展,2020年2月15日
1994,各级财政支出805亿元应对疫情（国务院联防联控机制发布会）,2020年2月15日
1995,李克强赴北京西站考察有序错峰返程和新冠肺炎疫情防控时强调 完善错峰返程措施 加强交通疫情防控 统筹做好疫情防控和经济社会发展,2020年2月15日
1996,外国政党政要高度评价中方应对新冠肺炎疫情取得积极成效,2020年2月15日
1997,“我们坚信中国经济的韧劲”（患难见真情 共同抗疫情）,2020年2月15日
1998,上海合作组织就支持中国抗击新冠肺炎疫情发表声明,2020年2月15日
1999,面对疫情，人类需要合作,2020年2月15日
